ZoneID,Japanese Name,Machine Translated,City,Actual,File Path,Zone Name
0,コトブキシティ,Kotobuki City,Jubilife City,Jubilife City,fields/area001,C01
1,コトブキ:フレンドリーショップ,Kotobuki : Friendly Shop,Jubilife City,Jubilife - Poké Mart,prefab_map/t02fs0101,C01FS0101
2,コトブキ:ポケモンセンター 1F,Kotobuki : Pokémon Center 1F,Jubilife City,Jubilife - Center 1F,prefab_map/t02pc0101,C01PC0101
3,コトブキ:ポケモンセンター 2F,Kotobuki : Pokémon Center 2F,Jubilife City,Jubilife - Center 2F,prefab_map/t02pc0102,C01PC0102
4,コトブキ:ポケモンセンター B1F,Kotobuki : Pokémon Center B1F,Jubilife City,Jubilife - Center B1F,prefab_map/t02pc0103,C01PC0103
5,コトブキ:ポケッチカンパニー 1F,Kotobuki : Pokéttsch Company 1F,Jubilife City,Jubilife - Pokétch Company 1F,prefab_map/c01r0101,C01R0101
6,コトブキ:ポケッチカンパニー 2F,Kotobuki : Pokéch Company 2F,Jubilife City,Jubilife - Pokétch Company 2F,prefab_map/c01r0102,C01R0102
7,コトブキ:ポケッチカンパニー 3F,Kotobuki : Pokéttsch Company 3F,Jubilife City,Jubilife - Pokétch Company 3F,prefab_map/c01r0103,C01R0103
8,コトブキ:TV局 1F,Kotobuki: TV Station 1F,Jubilife City,Jubilife TV - 1F,prefab_map/c01r0201,C01R0201
9,コトブキ:TV局 2F,Kotobuki: TV Station 2F,Jubilife City,Jubilife TV - 2F,prefab_map/c01r0202,C01R0202
10,コトブキ:TV局 3F,Kotobuki: TV Station 3F,Jubilife City,Jubilife TV - 3F,prefab_map/c01r0203,C01R0203
11,コトブキ:TV局 4F,Kotobuki: TV Station 4F,Jubilife City,Jubilife TV - 4F,prefab_map/c01r0204,C01R0204
12,コトブキ:TV局 クリップの部屋（への道）,Kotobuki : TV station clip room (road to),Jubilife City,Jubilife TV - Gym Leader Capsules,prefab_map/c01r0205,C01R0205
13,コトブキ:TV局 ギネスの部屋1,Kotobuki: Tv Station Guinness Room 1,Jubilife City,Jubilife TV - Global Ranking Room,prefab_map/c01r0206,C01R0206
14,コトブキ:TV局 ギネスの部屋2,Kotobuki: Tv Station Guinness Room 2,Jubilife City,Jubilife TV - Group Ranking Room,prefab_map/c01r0207,C01R0207
15,コトブキ:TV局 EV,Kotobuki : TV Station EV,Jubilife City,Jubilife TV - Elv.,prefab_map/c01r0208,C01R0208
16,コトブキ:ビル1 1F,Kotobuki : Building 1 1F,Jubilife City,Jubilife - Bdg. 1 1F (South),prefab_map/c01r0301,C01R0301
17,コトブキ:ビル1 2F,Kotobuki : Building 1 2F,Jubilife City,Jubilife - Bdg. 1 2F (South),prefab_map/c01r0302,C01R0302
18,コトブキ:ビル2 1F,Kotobuki : Building 2 1F,Jubilife City,Jubilife - Bdg. 2 1F (Condominiums),prefab_map/c01r0301,C01R0501
19,コトブキ:ビル2 2F,Kotobuki : Building 2 2F,Jubilife City,Jubilife - Bdg. 2 2F (Condominiums),prefab_map/c01r0302,C01R0502
20,コトブキ:GTC,Kotobuki: GTC,Jubilife City,Jubilife - GWS,prefab_map/c01r0601,C01R0601
21,コトブキ:トレーナースクール 1F,Kotobuki : Trainer School 1F,Jubilife City,Jubilife - Trainer's School,prefab_map/c01r0701,C01R0701
22,コトブキ:コトブキビル3 1F,Kotobuki : Kotobuki Building 3 1F,Jubilife City,Jubilife - Bdg. 3 1F (SW by GWS),prefab_map/c01r0301,C01R0801
23,コトブキ:コトブキ:ビル3 2F,Kotobuki : Kotobuki : Bill 3 2F,Jubilife City,Jubilife - Bdg. 3 2F (SW by GWS),prefab_map/c01r0302,C01R0802
24,ミオシティ,Mio City,Canalave City,Canalave City,fields/area001,C02
25,ミオ:フレンドリィショップ,Mio : Friendly Shop,Canalave City,Canalave - Poké Mart,prefab_map/t02fs0101,C02FS0101
26,ミオ:ミオジム（鋼）,Mio : Mio Gym (Steel),,Canalave - Gym,prefab_map/c02gym0101,C02GYM0101
27,ミオ:ポケモンセンター 1F,Mio : Pokémon Center 1F,Canalave City,Canalave - Center 1F,prefab_map/t02pc0101,C02PC0101
28,ミオ:ポケモンセンター 2F,Mio : Pokémon Center 2F,Canalave City,Canalave - Center 2F,prefab_map/t02pc0102,C02PC0102
29,ミオ:ポケモンセンター B1F,Mio : Pokémon Center B1F,Canalave City,Canalave - Center B1F,prefab_map/t02pc0103,C02PC0103
30,ミオ:図書館 1F,Mio : Library 1F,Canalave City,Canalave - Library 1F,prefab_map/c02r0101,C02R0101
31,ミオ:図書館 2F,Mio : Library 2F,Canalave City,Canalave - Library 2F,prefab_map/c02r0102,C02R0102
32,ミオ:図書館 3F,Mio : Library 3F,Canalave City,Canalave - Library 3F,prefab_map/c02r0103,C02R0103
33,ミオ:民家1,Mio : Private House 1,Canalave City,Canalave - House 1 (SE),prefab_map/t01r0301,C02R0201
34,ミオ:民家2,Mio : Private House 2,Canalave City,Canalave - House 2 (South of Center),prefab_map/t01r0301,C02R0301
35,ミオ:民家3（ダークイベント用民家）,Mio : Private House 3(Dark Event Private House),Canalave City,Canalave - Darkrai House,prefab_map/c02r0501,C02R0401
36,ミオ:民家4（ムーバスイベント用民家）,Mio : Private House 4(Private House for Moobus Event),Canalave City,Canalave - House 4 (SW),prefab_map/c02r0501,C02R0501
37,ミオ:民家5（インタビュアー）,Mio : Private House 5(Interviewer),Canalave City,Canalave - House 5 (South of Gym),prefab_map/c04r0701,C02R0601
38,クロガネシティ,Kurogane City,Oreburgh City,Oreburgh City,fields/area002,C03
39,クロガネ:フレンドリィショップ,Kurogane : Friendly Shop,Oreburgh City,Oreburgh - Poké Mart,prefab_map/t02fs0101,C03FS0101
40,クロガネ:クロガネジム（岩）,Black Crab : Kuroganesim (Rock),,Oreburgh - Gym,prefab_map/c03gym0101,C03GYM0101
41,クロガネ:ポケモンセンター 1F,Black Crab : Pokémon Center 1F,Oreburgh City,Oreburgh - Center 1F,prefab_map/t02pc0101,C03PC0101
42,クロガネ:ポケモンセンター 2F,Black Crab : Pokémon Center 2F,Oreburgh City,Oreburgh - Center 2F,prefab_map/t02pc0102,C03PC0102
43,クロガネ:ポケモンセンター B1F,Black Crab : Pokémon Center B1F,Oreburgh City,Oreburgh - Center B1F,prefab_map/t02pc0103,C03PC0103
44,クロガネ:ビル1 1F,Black crab : Bill 1 1F,Oreburgh City,Oreburgh - Bdg. 1 1F (most NW),prefab_map/c01r0301,C03R0101
45,クロガネ:ビル1 2F,Black Crab : Bill 1 2F,Oreburgh City,Oreburgh - Bdg. 1 2F (most NW),prefab_map/c01r0302,C03R0102
46,クロガネ:ビル2 1F,Black crab : Bill 2 1F,Oreburgh City,Oreburgh - Bdg. 2 1F (West of Mart),prefab_map/c01r0301,C03R0201
47,クロガネ:ビル2 2F,Black Crab : Bill 2 2F,Oreburgh City,Oreburgh - Bdg. 2 2F (West of Mart),prefab_map/c01r0302,C03R0202
48,クロガネ:民家1,Black crab : Private house 1,Oreburgh City,Oreburgh - House 1 (West of Center),prefab_map/t01r0301,C03R0301
49,クロガネ:炭坑博物館 1F,Black crab : Coal Mine Museum 1F,Oreburgh City,Oreburgh - Mining Museum,prefab_map/c03r0401,C03R0401
50,クロガネ:民家2,Black crab : Private house 2,Oreburgh City,Oreburgh - House 2 (West of Gym),prefab_map/t01r0301,C03R0501
51,クロガネ:ビル3 1F,Black crab : Bill 3 1F,Oreburgh City,Oreburgh - Bdg. 3 1F (SE of Center),prefab_map/c01r0301,C03R0601
52,クロガネ:ビル3 2F,Black Crab : Bill 3 2F,Oreburgh City,Oreburgh - Bdg. 3 2F (SE of Center),prefab_map/c01r0302,C03R0602
53,クロガネ:民家3,Black crab : Private house 3,Oreburgh City,Oreburgh - House 3 (Near Mine),prefab_map/t01r0301,C03R0701
54,ハクタイシティ,Hakutai City,Eterna City,Eterna City,fields/area003,C04
55,ハクタイ:フレンドリィショップ,Hakutai : Friendly Shop,Eterna City,Eterna - Poké Mart,prefab_map/t02fs0101,C04FS0101
56,ハクタイ:ハクタイポケモンジム1（草）,Hakutai : Hakutai Pokémon Gym 1(Grass),,Eterna - Gym Lobby,prefab_map/c04gym0101,C04GYM0101
57,ハクタイ:ハクタイポケモンジム2（草）,Hakutai : Hakutai Pokémon Gym 2(Grass),,Eterna - Gym Main Room,prefab_map/c04gym0102,C04GYM0102
58,ハクタイ:ポケモンセンター 1F,Hakutai : Pokémon Center 1F,Eterna City,Eterna - Center 1F,prefab_map/t02pc0101,C04PC0101
59,ハクタイ:ポケモンセンター 2F,Hakutai : Pokémon Center 2F,Eterna City,Eterna - Center 2F,prefab_map/t02pc0102,C04PC0102
60,ハクタイ:ポケモンセンター B1F,Hakutai : Pokémon Center B1F,Eterna City,Eterna - Center B1F,prefab_map/t02pc0103,C04PC0103
61,ハクタイ:自転車屋,Hakutai : Bicycle Shop,Eterna City,Eterna - Cycle Shop,prefab_map/c04r0101,C04R0101
62,ハクタイ:ギンガ団支部ビル 1F,Hakutai : Gyinga Branch Building 1F,,T.G. Building 1F,prefab_map/c04r0201,C04R0201
63,ハクタイ:ギンガ団支部ビル 2F,Hakutai : Ginga Branch Building 2F,,T.G. Building 2F,prefab_map/c04r0202,C04R0202
64,ハクタイ:ギンガ団支部ビル 3F,Hakutai : Ginga Branch Building 3F,,T.G. Building 3F,prefab_map/c04r0203,C04R0203
65,ハクタイ:ギンガ団支部ビル 4F,Hakutai : 4F Ginga Branch Building,,T.G. Building 4F,prefab_map/c01r0302,C04R0204
66,ハクタイ:一般住居ビル 1F,Hakutai : General Residence Building 1F,Eterna City,Eterna - Eterna Condominums 1F,prefab_map/c01r0301,C04R0301
67,ハクタイ:一般住居ビル 2F（姓名判断）,Hakutai : General Residence Building 2F(Surname Judgment),Eterna City,Eterna - Eterna Condominums 2F,prefab_map/c04r0302,C04R0302
68,ハクタイ:一般住居ビル 3F,Hakutai : General Residence Building 3F,Eterna City,Eterna - Eterna Condominums 3F,prefab_map/c01r0302,C04R0303
69,ハクタイ:サイクリングゲートS,Hakutai : Cycling Gate S,Eterna City,Eterna - Cycling Road Gate,prefab_map/c04r0401,C04R0401
70,ハクタイ:民家1（漢方屋）,Hakutai : Private House 1(Kampoya),Eterna City,Eterna - House 1 (Herb Shop),prefab_map/c04r0501,C04R0501
71,ハクタイ:民家2,Hakutai : Private House 2,Eterna City,Eterna - House 2 (West of Gym),prefab_map/c04r0701,C04R0601
72,ハクタイ:民家3,Hakutai : Private Houses 3,Eterna City,Eterna - House 3 (South of Statue),prefab_map/c04r0701,C04R0701
73,ハクタイ:民家（地下オヤジの家）,Hakutai : Private House (House of The Underground Oyaji),Eterna City,Eterna - Underground Man's House,prefab_map/c04r0801,C04R0801
74,ヨスガシティ,Josga City,Hearthome City,Hearthome City,fields/area004,C05
75,ヨスガ:フレンドリィショップ,Josga : Friendly Shop,Hearthome City,Hearthome - Poké Mart,prefab_map/t02fs0101,C05FS0101
76,ヨスガ:ヨスガジム（ゴースト）,Josuga : Josga Gym (Ghost),,Hearthome - Gym Lobby,prefab_map/c05gym0101,C05GYM0101
77,ヨスガ:ヨスガジム（ゴースト）,Josuga : Josga Gym (Ghost),,Hearthome - Gym Trainer Room 1,prefab_map/c05gym0102,C05GYM0102
78,ヨスガ:ヨスガジム（ゴースト）,Josuga : Josga Gym (Ghost),,Hearthome - Gym Trainer Room 2,prefab_map/c05gym0102,C05GYM0103
79,ヨスガ:ヨスガジム（ゴースト）,Josuga : Josga Gym (Ghost),,Hearthome - Gym Question 2,prefab_map/c05gym0104,C05GYM0104
80,ヨスガ:ヨスガジム（ゴースト）,Josuga : Josga Gym (Ghost),,Hearthome - Gym Trainer Room 3,prefab_map/c05gym0102,C05GYM0105
81,ヨスガ:ヨスガジム（ゴースト）,Josuga : Josga Gym (Ghost),,Hearthome - Gym Question 3,prefab_map/c05gym0104,C05GYM0106
82,ヨスガ:ヨスガジム（ゴースト）,Josuga : Josga Gym (Ghost),,Hearthome - Gym Trainer Room 4,prefab_map/c05gym0102,C05GYM0107
83,ヨスガ:ヨスガジム（ゴースト）,Josuga : Josga Gym (Ghost),,Hearthome - Gym Question 4,prefab_map/c05gym0104,C05GYM0108
84,ヨスガ:ヨスガジム（ゴースト）,Josuga : Josga Gym (Ghost),,Hearthome - Gym Trainer Room 5,prefab_map/c05gym0102,C05GYM0109
85,ヨスガ:ヨスガジム（ゴースト）,Josuga : Josga Gym (Ghost),,Hearthome - Gym Trainer Room 6,prefab_map/c05gym0102,C05GYM0110
86,ヨスガ:ヨスガジム（ゴースト）,Josuga : Josga Gym (Ghost),,Hearthome - Gym Trainer Room 7,prefab_map/c05gym0102,C05GYM0111
87,ヨスガ:ヨスガジム（ゴースト）,Josuga : Josga Gym (Ghost),,Hearthome - Gym Trainer Room 8,prefab_map/c05gym0102,C05GYM0112
88,ヨスガ:ヨスガジム（ゴースト）,Josuga : Josga Gym (Ghost),,Hearthome - Gym Leader Room,prefab_map/c05gym0113,C05GYM0113
89,ヨスガ:ポケモンセンター 1F,Yosuga : Pokémon Center 1F,Hearthome City,Hearthome - Center 1F,prefab_map/t02pc0101,C05PC0101
90,ヨスガ:ポケモンセンター 2F,Yosuga : Pokémon Center 2F,Hearthome City,Hearthome - Center 2F,prefab_map/t02pc0102,C05PC0102
91,ヨスガ:ポケモンセンター B1F,Yosuga : Pokémon Center B1F,Hearthome City,Hearthome - Center B1F,prefab_map/t02pc0103,C05PC0103
92,ヨスガ:一般EVビル1 1F,Yosuga : General EV Building 1 1F,Hearthome City,Hearthome - Bdg. 1 1F (East of Fanclub),prefab_map/c05r0101,C05R0101
93,ヨスガ:一般EVビル1 2F,Yosuga : General EV Building 1 2F,Hearthome City,Hearthome - Bdg. 1 2F (East of Fanclub),prefab_map/c05r0102,C05R0102
94,ヨスガ:一般EVビル1 EV,Yosuga : General EV Building 1 EV,Hearthome City,Hearthome - Bdg. 1 Elv. (East of Fanclub),prefab_map/c01r0208,C05R0103
95,ヨスガ:大好きクラブ,Josga : My favorite club,Hearthome City,Hearthome - Pokémon Fan Club,prefab_map/c05r0201,C05R0201
96,ヨスガ:自然公園ゲート（縦）,Yosuga : Nature Park Gate (Portrait),Hearthome City,Hearthome - Amity Square West Gate,prefab_map/c05r0301,C05R0301
97,ヨスガ:自然公園ゲート（縦）,Yosuga : Nature Park Gate (Portrait),Hearthome City,Hearthome - Amity Square East Gate,prefab_map/c05r0301,C05R0401
98,ヨスガ:208ゲート,Yosga : 208 Gate,Hearthome City,Hearthome - Route 208 Gate,prefab_map/r218r0101,C05R0501
99,ヨスガ:209ゲート,Yosuga : 209 Gate,Hearthome City,Hearthome - Route 209 Gate,prefab_map/r218r0101,C05R0601
100,ヨスガ:212aゲート,Yosuga:212a Gate,Hearthome City,Hearthome - Route 212 Gate,prefab_map/c05r0301,C05R0701
101,ヨスガ:一般EVビル2 1F,Yosuga : General EV Building 2 1F,Hearthome City,Hearthome - Bdg. 2 1F (West of Gym),prefab_map/c05r0801,C05R0801
102,ヨスガ:一般EVビル2 2F,Yosuga : General EV Building 2 2F,Hearthome City,Hearthome - Bdg. 2 2F (West of Gym),prefab_map/c05r0102,C05R0802
103,ヨスガ:一般EVビル2 EV,Yosuga : General EV Building 2 EV,Hearthome City,Hearthome - Bdg. 2 Elv. (West of Gym),prefab_map/c01r0208,C05R0803
104,ヨスガ:民家1,Josuga : Private House 1,Hearthome City,Hearthome - Bebe's House (East of Center),prefab_map/c05r0901,C05R0901
105,ヨスガ:民家2（料理教室）,Josga : Private House 2(Cooking Class),Hearthome City,Hearthome - Poffin House (West of Mart),prefab_map/c05r1001,C05R1001
106,ヨスガ:コンテスト会場受付,Josuga : Reception of the contest venue,Hearthome City,Hearthome - Contest Hall (Main Lobby),prefab_map/c05r1101,C05R1101
107,ヨスガ:コンテスト会場（ダミー）,Josga : Contest Venue (Dummy),Hearthome City,Hearthome - Contest Hall? (inaccessible?),prefab_map/c05r1102,C05R1102
108,ヨスガ:コンテスト会場 接続先正規,Yosuga : Contest venue Connection destination regular,Hearthome City,Hearthome - Contest Hall (Stage room),prefab_map/c05r1102,C05R1103
109,ヨスガ:異文化の建物,Josga : Intercultural buildings,Hearthome City,Hearthome - Church,prefab_map/c05r1201,C05R1201
110,ノモセシティ,Nomose City,Pastoria City,Pastoria City,fields/area007,C06
111,ノモセ:フレンドリィショップ,Nomose : Friendly Shop,Pastoria City,Pastoria - Poké Mart,prefab_map/t02fs0101,C06FS0101
112,ノモセ:ノモセジム（水）,Nomose : Nomosé Gym (Wed),,Pastoria - Gym,prefab_map/c06gym0101,C06GYM0101
113,ノモセ:ポケモンセンター 1F,Nomose : Pokémon Center 1F,Pastoria City,Pastoria - Center 1F,prefab_map/t02pc0101,C06PC0101
114,ノモセ:ポケモンセンター 2F,Nomose : Pokémon Center 2F,Pastoria City,Pastoria - Center 2F,prefab_map/t02pc0102,C06PC0102
115,ノモセ:ポケモンセンター B1F,Nomose : Pokémon Center B1F,Pastoria City,Pastoria - Center B1F,prefab_map/t02pc0103,C06PC0103
116,ノモセ:湿原ゲート1F,Nomose : Wetland Gate 1F,Pastoria City,Pastoria - Great Marsh Gate 1F,prefab_map/c06r0101,C06R0101
117,ノモセ:湿原ゲート2F,Nomose : Wetland Gate 2F,Pastoria City,Pastoria - Great Marsh Gate 2F,prefab_map/c06r0102,C06R0102
118,ノモセ:民家1,Nomose : Private house 1,Pastoria City,Pastoria - House 1 (West of Mart),prefab_map/t01r0301,C06R0201
119,ノモセ:民家2,Nomosé : Private House 2,Pastoria City,Pastoria - House 2 (North of Mart),prefab_map/t01r0301,C06R0301
120,ノモセ:民家3（技教え）,Nomose : Private House 3(Teaching),Pastoria City,Pastoria - House 3 (NW of Mart),prefab_map/c05r0901,C06R0401
121,ノモセ:民家4,Nomosé : Private house 4,Pastoria City,Pastoria - House 4 (East of Gym),prefab_map/t01r0301,C06R0501
122,ノモセ:民家5,Nomose : Private House 5,Pastoria City,Pastoria - House 5 (East of Marsh Gate),prefab_map/t01r0301,C06R0601
123,トバリシティ,Tovary City,Veilstone City,Veilstone City,fields/area006,C07
124,トバリ:トバリジム（格闘）,Tobari : Tobari Gym (Fighting),,Veilstone - Gym,prefab_map/c07gym0101,C07GYM0101
125,トバリ:ポケモンセンター 1F,Tobari : Pokémon Center 1F,Veilstone City,Veilstone - Center 1F,prefab_map/t02pc0101,C07PC0101
126,トバリ:ポケモンセンター 2F,Tobari : Pokémon Center 2F,Veilstone City,Veilstone - Center 2F,prefab_map/t02pc0102,C07PC0102
127,トバリ:ポケモンセンター B1F,Tobari : Pokémon Center B1F,Veilstone City,Veilstone - Center B1F,prefab_map/t02pc0103,C07PC0103
128,トバリ:ゲームコーナー,Tobari : Game Corner,Veilstone City,Veilstone - Style Shop,prefab_map/c07r0101,C07R0101
129,トバリ:デパート 1F,Tobari : Department Store 1F,Veilstone City,Veilstone - Department Store 1F,prefab_map/c07r0201,C07R0201
130,トバリ:デパート 2F,Tobari : Department Store 2F,Veilstone City,Veilstone - Department Store 2F,prefab_map/c07r0202,C07R0202
131,トバリ:デパート 3F,Tobari : Department Store 3F,Veilstone City,Veilstone - Department Store 3F,prefab_map/c07r0203,C07R0203
132,トバリ:デパート 4F,Tobari : Department store 4F,Veilstone City,Veilstone - Department Store 4F,prefab_map/c07r0204,C07R0204
133,トバリ:デパート 5F,Tobari : Department Store 5F,Veilstone City,Veilstone - Department Store 5F,prefab_map/c07r0205,C07R0205
134,トバリ:デパートEV,Tobari : Department store EV,Veilstone City,Veilstone - Department Store Elv.,prefab_map/c01r0208,C07R0206
135,トバリ:倉庫,Tobari : Warehouse,Veilstone City,Veilstone - Warehouse,prefab_map/c07r0301,C07R0301
136,トバリ:景品交換,Tobari : Freebies Exchange,Veilstone City,Veilstone - Style Shop Storage,prefab_map/c07r0401,C07R0401
137,トバリ:民家1,Tobari : Private houses 1,Veilstone City,"Veilstone - House 1 (South of Gym, right)",prefab_map/c05r0901,C07R0501
138,トバリ:民家2,Tobari : Private houses 2,Veilstone City,Veilstone - House 2 (East of Dept. Store),prefab_map/c05r0901,C07R0601
139,トバリ:民家3,Tobari : Private houses 3,Veilstone City,Veilstone - House 3 (North of Center),prefab_map/t01r0301,C07R0701
140,トバリ:民家4,Tobari : Private houses 4,Veilstone City,"Veilstone - House 4 (South of Gym, left)",prefab_map/t01r0301,C07R0801
141,トバリ:215ゲート,Tobari : 215 Gate,Veilstone City,Veilstone - Route 215 Gate,prefab_map/r218r0101,C07R0901
142,ナギサシティ,Nagisa City,Sunyshore City,Sunyshore City,fields/area008,C08
143,ナギサ:フレンドリィショップ,Nagisa : Friendly Shop,Sunyshore City,Sunyshore - Poké Mart,prefab_map/t02fs0101,C08FS0101
144,ナギサ:ナギサジム（電気）,Nagisa : Nagisa Gym (Electric),,Sunyshore - Gym Room 1,prefab_map/c08gym0101,C08GYM0101
145,ナギサ:ナギサジム（電気）,Nagisa : Nagisa Gym (Electric),,Sunyshore - Gym Room 2,prefab_map/c08gym0102,C08GYM0102
146,ナギサ:ナギサジム（電気）,Nagisa : Nagisa Gym (Electric),,Sunyshore - Gym Room 3,prefab_map/c08gym0103,C08GYM0103
147,ナギサ:ポケモンセンター 1F,Nagisa : Pokémon Center 1F,Sunyshore City,Sunyshore - Center 1F,prefab_map/t02pc0101,C08PC0101
148,ナギサ:ポケモンセンター 2F,Nagisa : Pokémon Center 2F,Sunyshore City,Sunyshore - Center 2F,prefab_map/t02pc0102,C08PC0102
149,ナギサ:ポケモンセンター B1F,Nagisa : Pokémon Center B1F,Sunyshore City,Sunyshore - Center B1F,prefab_map/t02pc0103,C08PC0103
150,ナギサ:市場,Nagisa : Markets,Sunyshore City,Sunyshore - Sunyshore Market,prefab_map/c08r0101,C08R0101
151,ナギサ:民家1,Nagisa : Private House 1,Sunyshore City,"Sunyshore - House 1 (NE section, right)",prefab_map/c02r0501,C08R0201
152,ナギサ:民家2（地下オヤジの家2）,Nagisa : Private House 2(House of the Underground Oyaji 2),Sunyshore City,Sunyshore - House 2 (West of Mart),prefab_map/c04r0801,C08R0301
153,ナギサ:民家3,Nagisa : Private House 3,Sunyshore City,"Sunyshore - House 3 (NE section, left)",prefab_map/c02r0501,C08R0401
154,ナギサ:民家4,Nagisa : Private house 4,Sunyshore City,Sunyshore - Unused House 4,prefab_map/c08r0501,C08R0501
155,ナギサ:民家5,Nagisa : Private house 5,Sunyshore City,Sunyshore - Unused House 5,prefab_map/c08r0601,C08R0601
156,ナギサ:民家6,Nagisa : Private house 6,Sunyshore City,Sunyshore - House 6 (SE),prefab_map/c05r0901,C08R0701
157,ナギサ:展望台,Nagisa : Observation Deck,Sunyshore City,Sunyshore - Lighthouse Top,prefab_map/c08r0801,C08R0801
158,ナギサ:展望台EV,Nagisa : Observatory EV,Sunyshore City,Sunyshore - Lighthouse Elv.,prefab_map/c01r0208,C08R0802
159,キッサキシティ,Kissaki City,Snowpoint City,Snowpoint City,fields/area009,C09
160,キッサキ:フレンドリィショップ,Kissaki : Friendly Shop,Snowpoint City,Snowpoint - Poké Mart,prefab_map/t02fs0101,C09FS0101
161,キッサキ:キッサキジム（氷）,Kisaki : Kisaki Gym (Ice),,Snowpoint - Gym,prefab_map/c09gym0101,C09GYM0101
162,キッサキ:ポケモンセンター 1F,Kisaki : Pokémon Center 1F,Snowpoint City,Snowpoint - Center 1F,prefab_map/t02pc0101,C09PC0101
163,キッサキ:ポケモンセンター 2F,Kisaki : Pokémon Center 2F,Snowpoint City,Snowpoint - Center 2F,prefab_map/t02pc0102,C09PC0102
164,キッサキ:ポケモンセンター B1F,Kisaki : Pokémon Center B1F,Snowpoint City,Snowpoint - Center B1F,prefab_map/t02pc0103,C09PC0103
165,キッサキ:民家1,Kisaki : Private House 1,Snowpoint City,Snowpoint - House 1 (NW),prefab_map/t01r0301,C09R0101
166,キッサキ:民家2,Kisaki : Private House 2,Snowpoint City,Snowpoint - House 2 (NE),prefab_map/t01r0301,C09R0201
167,ポケモンリーグ,Pokémon League,Pokemon League,Pokémon League,fields/area008,C10
168,リーグ:ポケモンセンター 1F,League : Pokémon Center 1F,Pokemon League,Pokémon League - VR Center 1F,prefab_map/t02pc0101,C10PC0101
169,リーグ:ポケモンセンター 2F,League : Pokémon Center 2F,Pokemon League,Pokémon League - VR Center 2F,prefab_map/t02pc0102,C10PC0102
170,リーグ:ポケモンセンター B1F,League : Pokémon Center B1F,Pokemon League,Pokémon League - VR Center B1F,prefab_map/t02pc0103,C10PC0103
171,リーグ:リーグ受付,League: League Admission,Pokemon League,Pokémon League - League Lobby,prefab_map/c10r0101,C10R0101
172,リーグ:四天王への通路1,League : Passage to Shitenno 1,Pokemon League,Pokémon League - Lift to Elite Four 1,prefab_map/c10r0102,C10R0102
173,リーグ:四天王の部屋1,League : Room of the Four Heavenly Kings 1,Pokemon League,Pokémon League - Elite Four 1,prefab_map/c10r0103,C10R0103
174,リーグ:四天王への通路2,League : Passage to Shitenno 2,Pokemon League,Pokémon League - Lift to Elite Four 2,prefab_map/c10r0104,C10R0104
175,リーグ:四天王の部屋2,League : Room of the Four Heavenly Kings 2,Pokemon League,Pokémon League - Elite Four 2,prefab_map/c10r0105,C10R0105
176,リーグ:四天王への通路3,League : Passage to Shitenno 3,Pokemon League,Pokémon League - Lift to Elite Four 3,prefab_map/c10r0104,C10R0106
177,リーグ:四天王の部屋3,League : Room of the Four Heavenly Kings 3,Pokemon League,Pokémon League - Elite Four 3,prefab_map/c10r0107,C10R0107
178,リーグ:四天王への通路4,League : Passage to Shitenno 4,Pokemon League,Pokémon League - Lift to Elite Four 4,prefab_map/c10r0104,C10R0108
179,リーグ:四天王の部屋4,League: Room of the Four Heavenly Kings 4,Pokemon League,Pokémon League - Elite Four 4,prefab_map/c10r0109,C10R0109
180,リーグ:四天王への通路5,League : Passage to Shitenno 5,Pokemon League,Pokémon League - Lift to Champion,prefab_map/c10r0110,C10R0110
181,リーグ:チャンピオンの部屋,League : Champion's Room,Pokemon League,Pokémon League - Champion Room,prefab_map/c10r0111,C10R0111
182,リーグ:殿堂入りへの通路,League : Passage to Hall of Fame,Pokemon League,Pokémon League - Hall to Hall of Fame,prefab_map/c10r0112,C10R0112
183,リーグ:殿堂入りの部屋,League : Hall of Fame Room,Pokemon League,Pokémon League - Hall of Fame,prefab_map/c10r0113,C10R0113
184,リーグ:リーグ専用 PC2F,League: League DEDICATED PC2F,Pokemon League,Pokémon League - League 2F,prefab_map/t02pc0102,C10R0114
185,リーグ:リーグ専用 PCB1,League: League Dedicated PCB1,Pokemon League,Pokémon League - League B1F,prefab_map/t02pc0103,C10R0115
186,ファイトエリア,Fight Area,,Fight Area,fields/area014,C11
187,ファイトエリア:フレンドリィショップ,Fight Area: Friendly Shop,,Fight Area - Poké Mart,prefab_map/t02fs0101,C11FS0101
188,ファイトエリア:ポケモンセンター 1F,Fight Area : Pokémon Center 1F,,Fight Area - Center 1F,prefab_map/t02pc0101,C11PC0101
189,ファイトエリア:ポケモンセンター 2F,Fight Area : Pokémon Center 2F,,Fight Area - Center 2F,prefab_map/t02pc0102,C11PC0102
190,ファイトエリア:ポケモンセンター B1F,Fight Area : Pokémon Center B1F,,Fight Area - Center B1F,prefab_map/t02pc0103,C11PC0103
191,ファイトエリア:バトルパークゲート,Fight Area: Battle Park Gate,,Fight Area - Battle Park Gate,prefab_map/c04r0401,C11R0101
192,ファイトエリア:225ゲート,Fight area: 225 gates,,Fight Area - Route 225 Gate,prefab_map/c05r0301,C11R0201
193,ファイトエリア:民家1,Fight Area : Private House 1,,Fight Area - House 1 (West of Mart),prefab_map/t01r0301,C11R0301
194,ファイトエリア:民家2,Fight Area : Private House 2,,Fight Area - House 2 (South of Center),prefab_map/t01r0301,C11R0401
195,クロガネたんこう:クロガネたんこう B1,KuroganeTanko : Kurogane Tantko B1,,Oreburgh Mine B1F,prefab_map/d01r0101,D01R0101
196,クロガネたんこう:クロガネたんこう B2,KuroganeTanko : Kurogane Tantko B2,,Oreburgh Mine B2F,prefab_map/d01r0102,D01R0102
197,たにまのはつでんしょ（フィールド）,Tani-no-8 Densho (Field),,Valley Windworks (Outside),fields/area003,D02
198,たにまのはつでんしょ,Tanimano-no-Honsho,,Valley Windworks (Inside),prefab_map/d02r0101,D02R0101
199,ハクタイのもり（フィールド）,Hakutai's Weight (Field),,Eterna Forest (Overworld),fields/area003,D03
200,ハクタイのもり,Hakutai's Weight,,Eterna Forest,prefab_map/d03r0101,D03R0101
201,タタラせいてつしょ（フィールド）,Tatara Setsutsusho (Field),,Fuego Ironworks (Outside),fields/area003,D04
202,タタラせいてつしょ,Tatara Setsutsu,,Fuego Ironworks (Inside),prefab_map/d04r0101,D04R0101
203,てんがんざん:てんがんざんー1,Tenganzan : Tenganzan1,,Mt. Coronet - Route 207 Entrance,prefab_map/d05r0101,D05R0101
204,てんがんざん:てんがんざんー2,Tenganzan : Tenganzan2,,Mt. Coronet - 2F,prefab_map/d05r0102,D05R0102
205,てんがんざん:てんがんざんー3,Tenganzan : Tenganzan3,,Mt. Coronet - 3F,prefab_map/d05r0103,D05R0103
206,てんがんざんー外周,Tenganzan - Outer Circumference,,Mt. Coronet - Snow Area,prefab_map/d05r0104,D05R0104
207,てんがんざんー外周,Tenganzan - Outer Circumference,,Mt. Coronet - Summit,prefab_map/d05r0105,D05R0105
208,てんがんざん:てんがんざんー4,Tenganzan : TenganZan4,,Mt. Coronet - 4F (Waterfall),prefab_map/d05r0106,D05R0106
209,てんがんざん:てんがんざんー5,Tenganzan : Tenganzan5,,Mt. Coronet - 4F (Towards Spear Pillar),prefab_map/d05r0107,D05R0107
210,てんがんざん:てんがんざんー6,Tenganzan : Tenganzan6,,Mt. Coronet - 5F,prefab_map/d05r0108,D05R0108
211,てんがんざん:てんがんざんー7,Tenganzan : Tenganzan7,,Mt. Coronet - 6F,prefab_map/d05r0109,D05R0109
212,てんがんざん:てんがんざんー8,Tenganzan : TenganZan8,,Mt. Coronet - Tunnel to Route 211 Entrance,prefab_map/d05r0110,D05R0110
213,てんがんざん:てんがんざんー9,Tenganzan : Tenganzan9,,Mt. Coronet - Route 216 Entrance,prefab_map/d05r0111,D05R0111
214,てんがんざん:てんがんざんー10,Tenganzan : TenganZan10,,Mt. Coronet - Route 211 Entrance,prefab_map/d05r0112,D05R0112
215,てんがんざん:てんがんざんー11,Tenganzan : Tenganzan11,,Mt. Coronet - B1F,prefab_map/d05r0113,D05R0113
216,やりのはしら（ダイヤモンド）,Diamond,,Spear Pillar,prefab_map/d05r0114,D05R0114
217,やりのはしら（パール）,Spear Ladder (Pearl),,Spear Pillar - Pearl,prefab_map/d05r0115,D05R0115
218,はじまりのま（ダイヤモンド）,Beginning (Diamond),,Hall of Origin - Diamond,prefab_map/d05r0116,D05R0116
219,だいしつげん,Daishitsu-1,,Great Marsh - Area 1,fields/safari,D06R0201
220,だいしつげん,Daishitsu-1,,Great Marsh - Area 2,fields/safari,D06R0202
221,だいしつげん,Daishitsu-1,,Great Marsh - Area 3,fields/safari,D06R0203
222,だいしつげん,Daishitsu-1,,Great Marsh - Area 4,fields/safari,D06R0204
223,だいしつげん,Daishitsu-1,,Great Marsh - Area 5,fields/safari,D06R0205
224,だいしつげん,Daishitsu-1,,Great Marsh - Area 6,fields/safari,D06R0206
225,アンノーンダンジョン:アンノーンダンジョン2F,Annone Dungeon : Annone Dungeon 2F,,Solaceon Ruins - 2F,prefab_map/d07r0101,D07R0101
226,アンノーンダンジョン:アンノーンダンジョン1F,Annone Dungeon : Annone Dungeon 1F,,Solaceon Ruins - 1F,prefab_map/d07r0102,D07R0102
227,アンノーンダンジョン:アンノーンダンジョン,Annone Dungeon : Annone Dungeon,,Solaceon Ruins - F Room Dead End (NE),prefab_map/d07r0103,D07R0103
228,アンノーンダンジョン:アンノーンダンジョン,Annone Dungeon : Annone Dungeon,,Solaceon Ruins - 1F Dead End (NW),prefab_map/d07r0104,D07R0104
229,アンノーンダンジョン:アンノーンダンジョン,Annone Dungeon : Annone Dungeon,,Solaceon Ruins - F Room,prefab_map/d07r0105,D07R0105
230,アンノーンダンジョン:アンノーンダンジョン,Annone Dungeon : Annone Dungeon,,Solaceon Ruins - 1F Dead End (SE),prefab_map/d07r0106,D07R0106
231,アンノーンダンジョン:アンノーンダンジョン,Annone Dungeon : Annone Dungeon,,Solaceon Ruins - R Room,prefab_map/d07r0107,D07R0107
232,アンノーンダンジョン:アンノーンダンジョン,Annone Dungeon : Annone Dungeon,,Solaceon Ruins - F Room Dead End (SE),prefab_map/d07r0106,D07R0108
233,アンノーンダンジョン:アンノーンダンジョン,Annone Dungeon : Annone Dungeon,,Solaceon Ruins - N Room Dead End (SE),prefab_map/d07r0103,D07R0109
234,アンノーンダンジョン:アンノーンダンジョン,Annone Dungeon : Annone Dungeon,,Solaceon Ruins - E Room Dead End (SW),prefab_map/d07r0110,D07R0110
235,アンノーンダンジョン:アンノーンダンジョン,Annone Dungeon : Annone Dungeon,,Solaceon Ruins - R Room Dead End (NW),prefab_map/d07r0104,D07R0111
236,アンノーンダンジョン:アンノーンダンジョン,Annone Dungeon : Annone Dungeon,,Solaceon Ruins - R Room Dead End (SW),prefab_map/d07r0104,D07R0112
237,アンノーンダンジョン:アンノーンダンジョン,Annone Dungeon : Annone Dungeon,,Solaceon Ruins - I Room,prefab_map/d07r0113,D07R0113
238,アンノーンダンジョン:アンノーンダンジョン,Annone Dungeon : Annone Dungeon,,Solaceon Ruins - N Room,prefab_map/d07r0107,D07R0114
239,アンノーンダンジョン:アンノーンダンジョン,Annone Dungeon : Annone Dungeon,,Solaceon Ruins - E Room,prefab_map/d07r0115,D07R0115
240,アンノーンダンジョン:アンノーンダンジョン,Annone Dungeon : Annone Dungeon,,Solaceon Ruins - D Room,prefab_map/d07r0116,D07R0116
241,アンノーンダンジョン:アンノーンダンジョン,Annone Dungeon : Annone Dungeon,,Solaceon Ruins - I Room Dead End (SE),prefab_map/d07r0106,D07R0117
242,アンノーンダンジョン:アンノーンダンジョン,Annone Dungeon : Annone Dungeon,,Solaceon Ruins - N Room Dead End (NW),prefab_map/d07r0104,D07R0118
243,アンノーンダンジョン:アンノーンダンジョン,Annone Dungeon : Annone Dungeon,,Solaceon Ruins - E Room Dead End (SE),prefab_map/d07r0106,D07R0119
244,チャンピオンロード:チャンピオンロードー1,Champion Road : Champion Road 1,,Victory Road - 1F,prefab_map/d09r0101,D09R0101
245,チャンピオンロード:チャンピオンロードー2,Champion Road : Champion Road 2,,Victory Road - 2F,prefab_map/d09r0102,D09R0102
246,チャンピオンロード:チャンピオンロードー3,Champion Road : Champion Road 3,,Victory Road - B1F,prefab_map/d09r0103,D09R0103
247,チャンピオンロード:チャンピオンロードー4,Champion Road : Champion Road 4,,Victory Road - 1F Back (Marley),prefab_map/d09r0104,D09R0104
248,チャンピオンロード:チャンピオンロードー5,Champion Road : Champion Road 5,,Victory Road - 1F Back (Entrance),prefab_map/d09r0105,D09R0105
249,チャンピオンロード:チャンピオンロードー6,Champion Road : Champion Road 6,,Victory Road - 1F Back (214 Exit),prefab_map/d09r0106,D09R0106
250,パルパーク,Palpark,,Pal Park - Unused,prefab_map/d10r0101,D10R0101
251,ふれあいひろば,Fureai Hiroba,,Amity Square,prefab_map/d11r0101,D11R0101
252,あれたぬけみち,Aye noke 6,,Ravaged Path,prefab_map/d12r0101,D12R0101
253,ソノオのはなばたけ,Sonoh's Muster,,Floaroma Meadow,prefab_map/d13r0101,D13R0101
254,ソノオのはなばたけ:民家,Sonoh's Hanaba Take : Private House,,Floaroma Meadow - House,prefab_map/t01r0301,D13R0102
255,クロガネゲート:クロガネゲートー1F,Kuroganegate : Kuroganegate1F,,Oreburgh Gate - 1F,prefab_map/d14r0101,D14R0101
256,クロガネゲート:クロガネゲートーB1F,Kuroganegate : KuroganegateB1F,,Oreburgh Gate - B1F,prefab_map/d14r0102,D14R0102
257,まんげつじま（フィールド）,Mangetsujima (Field),,Fullmoon Island,fields/area010,D15
258,まんげつじま,Mange tsujima,,Fullmoon Island - Cresselia Room,prefab_map/d15r0101,D15R0101
259,ハードマウンテン（フィールド）,Hard Mountain (Field),,Stark Mountain (Overworld),fields/area012,D16
260,ハードマウンテン:ハードマウンテン−1,Hard Mountain : Hard Mountain -1,,Stark Mountain - Entrance,prefab_map/d16r0101,D16R0101
261,ハードマウンテン:ハードマウンテン−2,Hard Mountain : Hard Mountain -2,,Stark Mountain - Interior,prefab_map/d16r0102,D16R0102
262,ハードマウンテン:ハードマウンテン−3,Hard Mountain : Hard Mountain -3,,Stark Mountain - Heatran's Room,prefab_map/d16r0103,D16R0103
263,おくりのみずうみ,Okukuri Mizuumi,,Sendoff Spring,prefab_map/d17r0101,D17R0101
264,もどりのどうくつ:もどりのどうくつ,Returns : Back-to-Back Lookutsu,,Turnback Cave - Entrance,prefab_map/d17r0102,D17R0102
265,もどりのどうくつ:もどりのどうくつ,Returns : Back-to-Back Lookutsu,,Turnback Cave - d17r0103,prefab_map/d17r0103,D17R0103
266,もどりのどうくつ:もどりのどうくつ,Returns : Back-to-Back Lookutsu,,Turnback Cave - d17r0104,prefab_map/d17r0104,D17R0104
267,もどりのどうくつ:もどりのどうくつ,Returns : Back-to-Back Lookutsu,,Turnback Cave - d17r0105,prefab_map/d17r0105,D17R0105
268,もどりのどうくつ:もどりのどうくつ,Returns : Back-to-Back Lookutsu,,Turnback Cave - d17r0106,prefab_map/d17r0105,D17R0106
269,もどりのどうくつ:もどりのどうくつ,Returns : Back-to-Back Lookutsu,,Turnback Cave - d17r0107,prefab_map/d17r0107,D17R0107
270,もどりのどうくつ:もどりのどうくつ,Returns : Back-to-Back Lookutsu,,Turnback Cave - d17r0108,prefab_map/d17r0107,D17R0108
271,もどりのどうくつ:もどりのどうくつ,Returns : Back-to-Back Lookutsu,,Turnback Cave - d17r0109,prefab_map/d17r0109,D17R0109
272,もどりのどうくつ:もどりのどうくつ,Returns : Back-to-Back Lookutsu,,Turnback Cave - d17r0110,prefab_map/d17r0109,D17R0110
273,もどりのどうくつ:もどりのどうくつ,Returns : Back-to-Back Lookutsu,,Turnback Cave - d17r0111,prefab_map/d17r0105,D17R0111
274,もどりのどうくつ:もどりのどうくつ,Returns : Back-to-Back Lookutsu,,Turnback Cave - d17r0112,prefab_map/d17r0105,D17R0112
275,もどりのどうくつ:もどりのどうくつ,Returns : Back-to-Back Lookutsu,,Turnback Cave - d17r0113,prefab_map/d17r0107,D17R0113
276,もどりのどうくつ:もどりのどうくつ,Returns : Back-to-Back Lookutsu,,Turnback Cave - d17r0114,prefab_map/d17r0107,D17R0114
277,もどりのどうくつ:もどりのどうくつ,Returns : Back-to-Back Lookutsu,,Turnback Cave - d17r0115,prefab_map/d17r0109,D17R0115
278,もどりのどうくつ:もどりのどうくつ,Returns : Back-to-Back Lookutsu,,Turnback Cave - d17r0116,prefab_map/d17r0109,D17R0116
279,もどりのどうくつ:もどりのどうくつ,Returns : Back-to-Back Lookutsu,,Turnback Cave - d17r0117,prefab_map/d17r0105,D17R0117
280,もどりのどうくつ:もどりのどうくつ,Returns : Back-to-Back Lookutsu,,Turnback Cave - d17r0118,prefab_map/d17r0105,D17R0118
281,もどりのどうくつ:もどりのどうくつ,Returns : Back-to-Back Lookutsu,,Turnback Cave - d17r0119,prefab_map/d17r0107,D17R0119
282,もどりのどうくつ:もどりのどうくつ,Returns : Back-to-Back Lookutsu,,Turnback Cave - d17r0120,prefab_map/d17r0107,D17R0120
283,もどりのどうくつ:もどりのどうくつ,Returns : Back-to-Back Lookutsu,,Turnback Cave - d17r0121,prefab_map/d17r0109,D17R0121
284,もどりのどうくつ:もどりのどうくつ,Returns : Back-to-Back Lookutsu,,Turnback Cave - d17r0122,prefab_map/d17r0109,D17R0122
285,はなのらくえん,Hana-no-Rakuen,,Flower Paradise,fields/area008,D18
286,キッサキしんでん:キッサキしんでん 1F,Kisaki Shin : Kisaki-shin 1F,,Snowpoint Temple - 1F,prefab_map/d20r0101,D20R0101
287,キッサキしんでん:キッサキしんでん B1F,Kisaki-shin : Kisaki-shin B1F,,Snowpoint Temple - B1F,prefab_map/d20r0102,D20R0102
288,キッサキしんでん:キッサキしんでん B2F,Kisaki Shin : Kisaki-shin B2F,,Snowpoint Temple - B2F,prefab_map/d20r0103,D20R0103
289,キッサキしんでん:キッサキしんでん B3F,Kisaki Shin : Kisaki-shin B3F,,Snowpoint Temple - B3F,prefab_map/d20r0104,D20R0104
290,キッサキしんでん:キッサキしんでん B4F,Kisaki-shin : Kisaki-shin B4F,,Snowpoint Temple - B4F,prefab_map/d20r0105,D20R0105
291,キッサキしんでん:キッサキしんでん B5F,Kisaki Shin : Kisaki-shin B5F,,Snowpoint Temple - B5F,prefab_map/d20r0106,D20R0106
292,まよいのどうくつ:まよいのどうくつ ー1,Mayu's Doutsu : Good-of-The-1,,Wayward Cave - Main Area,prefab_map/d21r0101,D21R0101
293,まよいのどうくつ:まよいのどうくつ ー2,Maya-no-Dotsu : Good-of-The-2,,Wayward Cave - Secret Area,prefab_map/d21r0102,D21R0102
294,いせきマニアのあな:いせきマニアのあな,Iseki Mania's Ana : Iseki Mania,,Ruin Maniac Cave - Small,prefab_map/d22r0101,D22R0101
295,いせきマニアのあな:いせきマニアのあな,Iseki Mania's Ana : Iseki Mania,,Ruin Maniac Cave - Large,prefab_map/d22r0102,D22R0102
296,マニアトンネル,Mania Tunnel,,Maniac Tunnel,prefab_map/d22r0103,D22R0103
297,じまんのうらにわ,I'm a lye of the oneself.,,Trophy Garden,prefab_map/d23r0101,D23R0101
298,こうてつじま（フィールド）,Kotetsujima (Field),,Iron Island (Overworld),fields/area010,D24
299,こうてつじま:こうてつじま―1,Kotetsujima : Kotetsujima -1,,Iron Island - 1F,prefab_map/d24r0101,D24R0101
300,こうてつじま:こうてつじま―2,Kotetsujima : Kotetsujima -2,,Iron Island - B1F Left,prefab_map/d24r0102,D24R0102
301,こうてつじま:こうてつじま―3,Kotetsujima : Kotetsujima -3,,Iron Island - B1F Right,prefab_map/d24r0103,D24R0103
302,こうてつじま:こうてつじま―4,Kotetsujima : Kotetsujima -4,,Iron Island - B2F Right,prefab_map/d24r0104,D24R0104
303,こうてつじま:こうてつじま―5,Kotetsujima : Kotetsujima -5,,Iron Island - B2F Left (Riley's Room),prefab_map/d24r0105,D24R0105
304,こうてつじま:こうてつじま―6,Kotetsujima : Kotetsujima -6,,Iron Island - B3F,prefab_map/d24r0106,D24R0106
305,こうてつじま:こうてつじま―民家,Kotetsujima : Kotetsujima - Private House,,Iron Island - House,prefab_map/c02r0501,D24R0201
306,もりのようかん:もりのようかん 入り口広間,Mori no Yokan : Mori no Yokan Entrance Hall,,Old Chateau - Lobby,prefab_map/d25r0101,D25R0101
307,もりのようかん:もりのようかん 長い机の部屋,Mori no Yokan : Mori no Yokan Long Desk Room,,Old Chateau - Dining Room,prefab_map/d25r0102,D25R0102
308,もりのようかん:もりのようかん 2F小部屋,Mori no Yokan : Mori no Yokan 2F Small Room,,Old Chateau - 2F Small Rooms,prefab_map/d25r0103,D25R0103
309,もりのようかん:もりのようかん 通路,Mori no Yokan : Mori-no-Yokan Aisle,,Old Chateau - 2F Hallway,prefab_map/d25r0104,D25R0104
310,もりのようかん:もりのようかん 2つの部屋1,Mori no Yokan : Mori no Yokan 2 Rooms 1,,Old Chateau - Hallway Room 1,prefab_map/d25r0105,D25R0105
311,もりのようかん:もりのようかん 3つの部屋1,Mori no Yokan : Mori no Yokan 3 Rooms 1,,Old Chateau - Hallway Room 2,prefab_map/d25r0106,D25R0106
312,もりのようかん:もりのようかん 3つの部屋2,Mori no Yokan : Mori no Yokan 3 Rooms 2,,Old Chateau - Hallway Room 3,prefab_map/d25r0107,D25R0107
313,もりのようかん:もりのようかん 3つの部屋3,Mori no Yokan : Mori no Yokan 3 Rooms 3,,Old Chateau - Hallway Room 4,prefab_map/d25r0108,D25R0108
314,もりのようかん:もりのようかん 2つの部屋2,Mori no Yokan : Mori no Yokan 2 Rooms 2,,Old Chateau - Hallway Room 5,prefab_map/d25r0109,D25R0109
315,ギンガだんトバリビル:ギンガだんアジト 1F,Ginga DantoBaribir : Gingad dan ajito 1F,,Team Galactic HQ - 1F,prefab_map/d26r0101,D26R0101
316,ギンガだんトバリビル:ギンガだんアジト 2F,Ginga DantoBaribil : Gingad dan ajito 2F,,Team Galactic HQ - 2F,prefab_map/d26r0102,D26R0102
317,ギンガだんトバリビル:ギンガだんアジト 3F,Ginga DantoBaribir : Gingadian Ajito 3F,,Team Galactic HQ - 3F,prefab_map/d26r0103,D26R0103
318,ギンガだんトバリビル:ギンガだんアジト 4F,Ginga DantoBaribir : Gingad dan ajito 4F,,Team Galactic HQ - 4F,prefab_map/d26r0104,D26R0104
319,ギンガだんトバリビル:ギンガだんアジト B1F,Ginga DantoBaribil : Gingadian Ajito B1F,,Team Galactic HQ - B1F,prefab_map/d26r0105,D26R0105
320,ギンガだんトバリビル:ギンガだんアジト B2F,Ginga DantoBaribil : Gingad dan ajito B2F,,Team Galactic HQ - B2F,prefab_map/d26r0106,D26R0106
321,ギンガだんトバリビル:ギンガだんアジト レイアイハイの部屋,Ginga Dantobaribir : Gingadian Hideihai's Room,,Team Galactic HQ - Lake Trio Room,prefab_map/d26r0107,D26R0107
322,ギンガだんトバリビル:ギンガだんアジト レイアイハイの部屋への通路,Ginga Dantobariville : Aisle to the Room of Gingad dan ajito Leiaihai,,Team Galactic HQ - Hallway to Lake Trio,prefab_map/d26r0108,D26R0108
323,シンジこ:シンジこ（変化前）,Shinjiko : Shinjiko (before the change),,Lake Verity (Before),prefab_map/d27r0101,D27R0101
324,シンジこ:シンジこ（変化後）,Shinjiko : Shinjiko (after change),,Lake Verity (After),prefab_map/d27r0102,D27R0102
325,シンジこ:シンジこのくうどう,Shinjiko : Shinji Kokodo,,Verity Cavern,prefab_map/d27r0103,D27R0103
326,リッシこ:リッシこ（変化前）,Risshiko : Rissiko (before change),,Lake Valor (Before),prefab_map/d28r0101,D28R0101
327,リッシこ:リッシこ（変化後）,Risshiko : Rissiko (after change),,Lake Valor (After),prefab_map/d28r0102,D28R0102
328,リッシこ:リッシこのくうどう,Risshiko : Ricci This,,Valor Cavern,prefab_map/d28r0103,D28R0103
329,エイチこ:エイチこ（変化前）,Hichiko : H-Ko (before change),,Lake Acuity (Before),prefab_map/d29r0101,D29R0101
330,エイチこ:エイチこ（変化後）,H.: H-Ko (after change),,Lake Acuity (After),prefab_map/d29r0102,D29R0102
331,エイチこ:エイチこのくうどう,Hichiko : H.H.,,Acuity Cavern,prefab_map/d29r0103,D29R0103
332,しんげつじま（フィールド）,Shinge Tsujima (Field),,Newmoon Island,fields/area010,D30
333,しんげつじま,Shingetsujima,,Newmoon Island - Darkrai Room,prefab_map/d30r0101,D30R0101
334,バトルパーク,Battle Park,,Battle Park,prefab_map/d31,D31
335,バトルパーク:ポイントひきかえコーナー,Battle Park : Point Hikakie Corner,,Battle Park - Point Corner,prefab_map/d31r0101,D31R0101
336,バトルタワー:受付,BattleTower: Reception,,Battle Tower - Lobby,prefab_map/d31r0201,D31R0201
337,バトルタワー:エレベータ,BattleTower: Elevator,,Battle Tower - d31r0202,prefab_map/c01r0208,D31R0202
338,バトルタワー:シングル通路,BattleTower: Single Aisle,,Battle Tower - d31r0203,prefab_map/d31r0203,D31R0203
339,バトルタワー:マルチ通路,BattleTower: Multi-Aisle,,Battle Tower - d31r0204,,D31R0204
340,バトルタワー:シングル対戦部屋,BattleTower: Single Match Room,,Battle Tower - d31r0205,prefab_map/d31r0205,D31R0205
341,バトルタワー:マルチ対戦部屋,BattleTower: Multi-Match Room,,Battle Tower - d31r0206,,D31R0206
342,バトルタワー:バトルサロン,BattleTower: Battle Salon,,Battle Tower - d31r0207,,D31R0207
343,ダイレクトバトルルーム（シングル）,Direct Battle Room (Single),,Local Battle Room (Singles) (?),,DIRECT2
344,ダイレクトバトルルーム（ダブル）,Direct Battle Room (Double),,Local Battle Room (Doubles) (?),,DIRECT4
345,範囲外など（デバッグ用）,"Out of range, etc. (for debugging)",,,,EVERYWHERE
346,シンジこのほとり,Shinji On the Banks of This,,Verity Lakefront,fields/area001,L01
347,リッシこのほとり,Rissi this on the banks,,Valor Lakefront,fields/area013,L02
348,リッシこのほとり: グランドレイクレストラン,Rissi's Hot Street : Grand Lake Restaurant,,Valor Lakefront - Restaurant,prefab_map/l02r0101,L02R0101
349,リッシこのほとり: グランドレイク客室1,Rissi's Hot : Grand Lake Room 1,,Valor Lakefront - House 1 (NE),prefab_map/r213r0401,L02R0201
350,リッシこのほとり: グランドレイク客室2（賞状）,Rissi Kohokuri : Grand Lake Room 2(Certificate),,Valor Lakefront - House 2 (NW),prefab_map/r213r0401,L02R0301
351,エイチこのほとり,H.,,Acuity Lakefront,fields/area009,L03
352,かくれいずみへのみち,100% of the Oneself to Hide Izumi,,Spring Path,fields/area013,L04
353,範囲外など,"Out of range, etc.",,,,NOTHING
354,201ばんどうろ,201 Bandoro,,Route 201,fields/area001,R201
355,202ばんどうろ,202 Bandoro,,Route 202,fields/area001,R202
356,203ばんどうろ,203 Bandoro,,Route 203,fields/area001,R203
357,204ばんどうろa（コトブキ側）,204 Bandoro a(Kotobuki side),,Route 204 (South),fields/area001,R204A
358,204ばんどうろb（ソノオ側）,204 Bandoro b(Sonoh side),,Route 204 (North),fields/area003,R204B
359,205ばんどうろa（ソノオ側）,205 Bandoro a(Sonoh side),,Route 205 (South),fields/area003,R205A
360,205ばんどうろa:民家,205 Bandoro a: Private House,,Route 205 - House,prefab_map/c02r0501,R205AR0101
361,205ばんどうろb（ハクタイ側）,205 Bandoro b(Hakutai side),,Route 205 (North),fields/area003,R205B
362,206ばんどうろ,206 Bandoro,,Route 206,fields/area002,R206
363,206ばんどうろ:サイクリングロードゲート大,206 Bandoro : Cycling Road Gate Large,,Route 206 - Cycling Road Gate,prefab_map/r206r0101,R206R0101
364,207ばんどうろ,207 Bandoro,,Route 207,fields/area002,R207
365,208ばんどうろ,208 Bandoro,,Route 208,fields/area004,R208
366,208ばんどうろ:民家（木の実爺）,208 Bandoro : Private House (Minoru Kino),,Route 208 - House,prefab_map/t01r0301,R208R0101
367,209ばんどうろ,209 Bandoro,,Route 209,fields/area005,R209
368,209ばんどうろ:ロストタワー1F,209 Bandoro : Lost Tower1F,,Lost Tower - 1F,prefab_map/r209r0101,R209R0101
369,209ばんどうろ:ロストタワー2F,209 Bandoro : Lost Tower2F,,Lost Tower - 2F,prefab_map/r209r0102,R209R0102
370,209ばんどうろ:ロストタワー3F,209 Bandoro : Lost Tower3F,,Lost Tower - 3F,prefab_map/r209r0103,R209R0103
371,209ばんどうろ:ロストタワー4F,209 Bandoro : Lost Tower4F,,Lost Tower - 4F,prefab_map/r209r0104,R209R0104
372,209ばんどうろ:ロストタワー5F,209 Bandoro : Lost Tower5F,,Lost Tower - 5F,prefab_map/r209r0105,R209R0105
373,210ばんどうろa,210 Bandoro a,,Route 210 (South),fields/area005,R210A
374,210ばんどうろa:カフェやまごや,210 Bandoro a: Cafe Yamagoya,,Route 210 - Café Cabin,prefab_map/r210ar0101,R210AR0101
375,210ばんどうろb,210 Bandoro b,,Route 210 (North),fields/area005,R210B
376,210ばんどうろb:民家（ドラゴンわざ婆）,210 Bandoro b: Private House (Dragon Wazaba),,Route 210 - House (North),prefab_map/t01r0301,R210BR0101
377,211ばんどうろa（ハクタイ側）,211 Bandoro a(Hakutai side),,Route 211 (West),fields/area003,R211A
378,211ばんどうろb（カンナギ側）,211 Bandoro b(Kanagi side),,Route 211 (East),fields/area005,R211B
379,212ばんどうろa（ノモセ側）,212 Bandoro a(Nomose side),,Route 212 (North),fields/area007,R212A
380,212ばんどうろa:ポケモンやしき,212 Bandoro a: Pokémon Yaski,,Pokémon Mansion - Lobby,prefab_map/r212ar0101,R212AR0101
381,212ばんどうろa:ポケモンやしき,212 Bandoro a: Pokémon Yaski,,Pokémon Mansion - Rooms (Left),prefab_map/r212ar0102,R212AR0102
382,212ばんどうろa:ポケモンやしき,212 Bandoro a: Pokémon Yaski,,Pokémon Mansion - Backlot Room,prefab_map/r212ar0103,R212AR0103
383,212ばんどうろb（ヨスガ側）,212 Bandoro b(Yosuga side),,Route 212 (South),fields/area007,R212B
384,212ばんどうろb:民家,212 Bandoro b: Private House,,Route 212 - House (South),prefab_map/c04r0801,R212BR0101
385,213ばんどうろ,213 Bandoro,,Route 213,fields/area013,R213
386,213ばんどうろ:213ゲート,213 Bandoro:213 Gate,,Route 213 - Pastoria Gate,prefab_map/r218r0101,R213R0101
387,213ばんどうろ:足跡博士の家,213 Bandoro : Dr. Footprint's House,,Route 213 - House,prefab_map/c05r0901,R213R0201
388,213ばんどうろ:グランドレイクフロント,213 Bandoro : Grand Lakefront,,Valor Lakefront - Hotel,prefab_map/r213r0301,R213R0301
389,213ばんどうろ:グランドレイク客室1,213 Bandoro : Grand Lake Room 1,,Valor Lakefront - House 3 (Most SE),prefab_map/r213r0401,R213R0401
390,213ばんどうろ:グランドレイク客室2,213 Bandoro : Grand Lake Room 2,,Valor Lakefront - House 4 (SW),prefab_map/r213r0401,R213R0501
391,213ばんどうろ:グランドレイク客室3,213 Bandoro : Grand Lake Room 3,,"Valor Lakefront - House 5 (SE, Rock Climb)",prefab_map/r213r0401,R213R0601
392,214ばんどうろ,214 Bandoro,,Route 214,fields/area013,R214
393,214ばんどうろ:c08ゲート,214 Bandoro: c08 Gate,,Route 214 - Veilstone Gate,prefab_map/c05r0301,R214R0101
394,215ばんどうろ,215 Bandoro,,Route 215,fields/area005,R215
395,216ばんどうろ,216 Bandoro,,Route 216,fields/area009,R216
396,216ばんどうろ:民家,216 Bandoro : Private House,,Route 216 - House,prefab_map/c02r0501,R216R0101
397,217ばんどうろ,217 Bandoro,,Route 217,fields/area009,R217
398,217ばんどうろ:民家1,217 Bandoro : Private House 1,,Route 217 - House 1 (SW),prefab_map/c04r0701,R217R0101
399,217ばんどうろ:民家2,217 Bandoro : Private House 2,,Route 217 - House 2 (NE),prefab_map/c04r0701,R217R0201
400,218ばんどうろ,218 Bandoro,,Route 218,fields/area010,R218
401,218ばんどうろ:c01ゲート,218 Bandoro: c01 Gate,,Route 218 - Jubilife Gate,prefab_map/r218r0101,R218R0101
402,218ばんどうろ:c02ゲート,218 Bandoro: c02 Gate,,Route 218 - Canalave Gate,prefab_map/r218r0101,R218R0201
403,219ばんどうろ,219 Bandoro,,Route 219,fields/area001,R219
404,221ばんどうろ,221 Bandoro,,Route 221,fields/area001,R221
405,221ばんどうろ:パルパークゲート,221 Bandoro : Palpark Gate,,Ramanas Park,prefab_map/r221r0101,R221R0101
406,221ばんどうろ:民家,221 Bandoro : Private House,,Route 221 - House,prefab_map/c04r0801,R221R0201
407,222ばんどうろ,222 Bandoro,,Route 222,fields/area013,R222
408,222ばんどうろ:民家1,222 Bandoro : Private House 1,,Route 222 - House 1 (Left),prefab_map/t01r0301,R222R0101
409,222ばんどうろ:民家2,222 Bandoro : Private House 2,,Route 222 - House 2 (Right),prefab_map/t01r0301,R222R0201
410,222ばんどうろ:ｃ08ゲート,222 Bandoro: c08 Gate,,Route 222 - Sunyshore Gate,prefab_map/r218r0101,R222R0301
411,224ばんどうろ,224 Bandoro,,Route 224,fields/area008,R224
412,225ばんどうろ,225 Bandoro,,Route 225,fields/area012,R225
413,225ばんどうろ:民家,225 Bandoro : Private House,,Route 225 - House,prefab_map/t01r0301,R225R0101
414,227ばんどうろ,227 Bandoro,,Route 227,fields/area012,R227
415,227ばんどうろ:民家,227 Bandoro : Private House,,Route 227 - House,prefab_map/c02r0501,R227R0101
416,228ばんどうろ,228 Bandoro,,Route 228,fields/area014,R228
417,228ばんどうろ:W226ゲート,228 Bandoro : W226 Gate,,Route 228 - Route 226 Gate,prefab_map/r218r0101,R228R0101
418,228ばんどうろ:民家1,228 Bandoro : Private House 1,,Route 228 - House 1 (North),prefab_map/c04r0801,R228R0201
419,228ばんどうろ:民家2,228 Bandoro : Private House 2,,Route 228 - House 2 (South),prefab_map/c05r0901,R228R0301
420,229ばんどうろ,229 Bandoro,,Route 229,fields/area014,R229
421,レコードコーナー（未使用）,Record corner (unused),,,,RECORD
422,フタバタウン,Footaba Town,Twinleaf Town,Twinleaf Town,fields/area001,T01
423,フタバ:ライバルの家 1F,Futaba : Rival House 1F,Twinleaf Town,Twinleaf - Rival's House 1F,prefab_map/t01r0101,T01R0101
424,フタバ:ライバルの家 2F,Futaba : Rival House 2F,Twinleaf Town,Twinleaf - Rival's House 2F,prefab_map/t01r0102,T01R0102
425,フタバ:主人公の家 1F,Futaba : Hero's House 1F,Twinleaf Town,Twinleaf - Player's House 1F,prefab_map/t01r0201,T01R0201
426,フタバ:主人公の家 2F,Futaba : The Main Character's House 2F,Twinleaf Town,Twinleaf - Player's House 2F,prefab_map/t01r0202,T01R0202
427,フタバ:民家1,Footaba : Private House 1,Twinleaf Town,Twinleaf - House 3 (North of Player's House),prefab_map/t01r0301,T01R0301
428,フタバ:民家2,Fftaba : Private House 2,Twinleaf Town,Twinleaf - House 4 (West of Player's House),prefab_map/t01r0301,T01R0401
429,マサゴタウン,Masago Town,Sandgem Town,Sandgem Town,fields/area001,T02
430,マサゴ:フレンドリィショップ,Masago : Friendly Shop,Sandgem Town,Sandgem - Poké Mart,prefab_map/t02fs0101,T02FS0101
431,マサゴ:ポケモンセンター 1F,Masago : Pokémon Center 1F,Sandgem Town,Sandgem - Center 1F,prefab_map/t02pc0101,T02PC0101
432,マサゴ:ポケモンセンター 2F,Masago : Pokémon Center 2F,Sandgem Town,Sandgem - Center 2F,prefab_map/t02pc0102,T02PC0102
433,マサゴ:ポケモンセンター B1F,Masago : Pokémon Center B1F,Sandgem Town,Sandgem - Center B1F,prefab_map/t02pc0103,T02PC0103
434,マサゴ:ポケモン研究所,Masago : Pokémon Institute,Sandgem Town,Sandgem - Pokémon Research Lab,prefab_map/t02r0101,T02R0101
435,マサゴ:サポートの家 1F,Masago: Support House 1F,Sandgem Town,Sandgem - Dawn/Lucas' House 1F,prefab_map/t02r0201,T02R0201
436,マサゴ:サポートの家 2F,Masago: Support House 2F,Sandgem Town,Sandgem - Dawn/Lucas' House 2F,prefab_map/t02r0202,T02R0202
437,マサゴ:民家1,Masago : Private House 1,Sandgem Town,Sandgem - House (SW),prefab_map/t01r0301,T02R0301
438,ソノオタウン,Sonoh Town,Floaroma Town,Floaroma Town,fields/area003,T03
439,ソノオ:フレンドリィショップ,Sonoh : Friendly Shop,Floaroma Town,Floaroma - Poké Mart,prefab_map/t02fs0101,T03FS0101
440,ソノオ:ポケモンセンター 1F,Sonoh : Pokémon Center 1F,Floaroma Town,Floaroma - Center 1F,prefab_map/t02pc0101,T03PC0101
441,ソノオ:ポケモンセンター 2F,Sonoh : Pokémon Center 2F,Floaroma Town,Floaroma - Center 2F,prefab_map/t02pc0102,T03PC0102
442,ソノオ:ポケモンセンター B1F,Sonoh : Pokémon Center B1F,Floaroma Town,Floaroma - Center B1F,prefab_map/t02pc0103,T03PC0103
443,ソノオ:花屋,Sonoh : Florist,Floaroma Town,Floaroma - Flower Shop,prefab_map/t03r0101,T03R0101
444,ソノオ:民家1,Sonoh : Private House 1,Floaroma Town,Floaroma - House 1 (East of Center),prefab_map/t01r0301,T03R0201
445,ソノオ:民家2,Sonoh : Private House 2,Floaroma Town,Floaroma - House 2 (NW of Center),prefab_map/t01r0301,T03R0301
446,ズイタウン,Zui Town,Solaceon Town,Solaceon Town,fields/area005,T04
447,ズイ:フレンドリィショップ,Zui : Friendly Shop,Solaceon Town,Solaceon - Poké Mart,prefab_map/t02fs0101,T04FS0101
448,ズイ:ポケモンセンター 1F,Zui : Pokémon Center 1F,Solaceon Town,Solaceon - Center 1F,prefab_map/t02pc0101,T04PC0101
449,ズイ:ポケモンセンター 2F,Zui : Pokémon Center 2F,Solaceon Town,Solaceon - Center 2F,prefab_map/t02pc0102,T04PC0102
450,ズイ:ポケモンセンター B1F,Zui : Pokémon Center B1F,Solaceon Town,Solaceon - Center B1F,prefab_map/t02pc0103,T04PC0103
451,ズイ:育て屋・助け屋,Zui : Grower/ Helper,Solaceon Town,Solaceon - Pokémon Nursery,prefab_map/t04r0101,T04R0101
452,ズイ:民家1,Zui : Private House 1,Solaceon Town,Solaceon - House 1 (NW),prefab_map/t01r0301,T04R0201
453,ズイ:民家2,Zui : Private House 2,Solaceon Town,Solaceon - Pokémon News Press,prefab_map/t04r0301,T04R0301
454,ズイ:民家3,Zui : Private House 3,Solaceon Town,Solaceon - House 2 (North of Center),prefab_map/t01r0301,T04R0401
455,ズイ:民家4,Zui : Private House 4,Solaceon Town,Solaceon - House 3 (West of Ruins),prefab_map/t01r0301,T04R0501
456,カンナギタウン,Kannagi Town,Celestic Town,Celestic Town,fields/area005,T05
457,カンナギ:ポケモンセンター 1F,Kannagi : Pokémon Center 1F,Celestic Town,Celestic - Center 1F,prefab_map/t02pc0101,T05PC0101
458,カンナギ:ポケモンセンター 2F,Kannagi : Pokémon Center 2F,Celestic Town,Celestic - Center 2F,prefab_map/t02pc0102,T05PC0102
459,カンナギ:ポケモンセンター B1F,Kannagi : Pokémon Center B1F,Celestic Town,Celestic - Center B1F,prefab_map/t02pc0103,T05PC0103
460,カンナギ:長老の家,Kannagi : House of Elders,Celestic Town,Celestic - Large House,prefab_map/t05r0101,T05R0101
461,カンナギ:民家1（どうぐや）,Kannagi : Private House 1(Doguya),Celestic Town,Celestic - House 1 (Shop),prefab_map/c04r0501,T05R0201
462,カンナギ:民家2,Kannagi : Private House 2,Celestic Town,Celestic - House 2 (NE),prefab_map/c04r0701,T05R0301
463,カンナギ:民家3,Kannagi : Private House 3,Celestic Town,Celestic - House 3 (SW),prefab_map/c04r0701,T05R0401
464,カンナギ:ほこら,Kannagi : Hokora,Celestic Town,Celestic - Cave,prefab_map/t05r0501,T05R0501
465,サバイバルエリア,Survival Area,,Survival Area,fields/area012,T06
466,サバイバルエリア:フレンドリィショップ,Survival Area: Friendly Shop,,Survival Area - Poké Mart,prefab_map/t02fs0101,T06FS0101
467,サバイバルエリア:ポケモンセンター 1F,Survival Area : Pokémon Center 1F,,Survival Area - Center 1F,prefab_map/t02pc0101,T06PC0101
468,サバイバルエリア:ポケモンセンター 2F,Survival Area : Pokémon Center 2F,,Survival Area - Center 2F,prefab_map/t02pc0102,T06PC0102
469,サバイバルエリア:ポケモンセンター B1F,Survival Area : Pokémon Center B1F,,Survival Area - Center B1F,prefab_map/t02pc0103,T06PC0103
470,サバイバルエリア:民家1,Survival area: Private house 1,,Survival Area - House 1 (West of Center),prefab_map/t01r0301,T06R0101
471,サバイバルエリア:民家2,Survival Area : Private House 2,,Survival Area - House 2 (South of Center),prefab_map/c05r0901,T06R0201
472,サバイバルエリア:民家3,Survival area: Private house 3,,Survival Area - House 3 (North),prefab_map/t01r0301,T06R0301
473,リゾートエリア,Resort Area,,Resort Area,fields/area014,T07
474,リゾートエリア:フレンドリィショップ,Resort Area: Friendly Shop,,Resort Area - Poké Mart,prefab_map/t02fs0101,T07FS0101
475,リゾートエリア:ポケモンセンター 1F,Resort Area: Pokémon Center 1F,,Resort Area - Center 1F,prefab_map/t02pc0101,T07PC0101
476,リゾートエリア:ポケモンセンター 2F,Resort Area: Pokémon Center 2F,,Resort Area - Center 2F,prefab_map/t02pc0102,T07PC0102
477,リゾートエリア:ポケモンセンター B1F,Resort Area: Pokémon Center B1F,,Resort Area - Center B1F,prefab_map/t02pc0103,T07PC0103
478,リゾートエリア:リボンシンジケート1F,Resort Area: Ribbon Syndicate 1F,,Resort Area - Ribbon Syndicate 1F,prefab_map/t07r0101,T07R0101
479,リゾートエリア:リボンシンジケート2F,Resort Area: Ribbon Syndicate 2F,,Resort Area - Ribbon Syndicate 2F,prefab_map/t07r0102,T07R0102
480,リゾートエリア:リボンシンジケートEV,Resort Area: Ribbon Syndicate EV,,Resort Area - Ribbon Syndicate Elv.,prefab_map/c01r0208,T07R0103
481,リゾートエリア:民家1,Resort area: Private house 1,,Resort Area - House 1 (South of Center),prefab_map/t01r0301,T07R0201
482,リゾートエリア:民家2,Resort area: Private house 2,,Resort Area - House 2 (South of Syndicate),prefab_map/t01r0301,T07R0301
483,炭鉱マップ,Coal Mine Map,,,,UG
484,ユニオンルーム（未使用）,Union Room (unused),,Union Room,,UNION
485,220ばんすいどう,220 Bansu-i-do,,Route 220,fields/area001,W220
486,223ばんすいどう,223 Bansu-do,,Route 223,fields/area008,W223
487,226ばんすいどう,226 Bansu-do,,Route 226,fields/area012,W226
488,226ばんすいどう:民家,226 Bansu-do : Private house,,Route 226 - House,prefab_map/c04r0801,W226R0101
489,230ばんすいどう,230 Bansu-do,,Route 230,fields/area014,W230
490,うみわれのみち,Umi Michi,,Seabreak Path,fields/area008,W231
491,コミュニティルーム,Community Room,,Union Room Receptionist - union01,prefab_map/union01,UNION01
492,グローバルルーム,Global Room,,Union Room Receptionist - union02,prefab_map/union02,UNION02
493,コロシアム,coliseum,,Union Room Receptionist - union03,prefab_map/union03,UNION03
494,ハクタイ:ギンガ団支部ビル　ロトムの部屋（プラチナ要素）,Hakutai : Ginga Branch Building Lotom's Room (Platinum Element),,Eterna - Galac. Bdg. Rotom Room,prefab_map/c04r0205,C04R0205
495,パルパーク:小部屋ベース,Pal Park: Small Room Base,Ramanas Park,Ramanas Park - d10r0201,prefab_map/d10r0201,D10R0201
496,パルパーク:導きの部屋,Palpark : Guiding Room,Ramanas Park,Ramanas Park - d10r0202,prefab_map/d10r0202,D10R0202
497,パルパーク:カントーのへや,Palpark : Heya of Tho,Ramanas Park,Ramanas Park - d10r0301,prefab_map/d10r0301,D10R0301
498,パルパーク:ジョウトのへや,Palpark : Jout's Heya,Ramanas Park,Ramanas Park - d10r0302,prefab_map/d10r0302,D10R0302
499,パルパーク:心の部屋,Pal Park : Room of Mind,Ramanas Park,Ramanas Park - d10r0303,prefab_map/d10r0303,D10R0303
500,パルパーク:大陸の部屋,Palpark : Continental Room,Ramanas Park,Ramanas Park - Groudon,prefab_map/d10r0401,D10R0401
501,パルパーク:大海の部屋,Pal Park : Ocean Room,Ramanas Park,Ramanas Park - Kyogre,prefab_map/d10r0402,D10R0402
502,パルパーク:天空の部屋,Pal Park : Room in the Sky,Ramanas Park,Ramanas Park - Rayquaza,prefab_map/d10r0403,D10R0403
503,パルパーク:虹の部屋,PalPark : Rainbow Room,Ramanas Park,Ramanas Park - d10r0501,prefab_map/d10r0501,D10R0501
504,パルパーク:嵐の部屋,Pal Park : Storm Room,Ramanas Park,Ramanas Park - d10r0502,prefab_map/d10r0502,D10R0502
505,パルパーク:遺伝子の部屋,Palpark : Gene Room,Ramanas Park,Ramanas Park - Mewtwo,prefab_map/d10r0601,D10R0601
506,パルパーク:フィールド：奇麗な空間,Palpark : Field: Beautiful Space,Ramanas Park,Ramanas Park - d10r0701,prefab_map/d10r0701,D10R0701
507,パルパーク:フィールド：やぶれた世界風,Palpark : Field: The Beaten World Wind,Ramanas Park,Ramanas Park - d10r0801,prefab_map/d10r0801,D10R0801
508,01_地下通路:中央左側,01_ Underground passage: Center left side,Underground,,underground/uga01,UGA01
509,02_地下通路:中央左側,02_ Underground passage: Center left side,Underground,,underground/uga02,UGA02
510,03_地下通路:中央左側,03_ Underground passage: Center left side,Underground,,underground/uga03,UGA03
511,04_地下通路:中央左側,04_ Underground passage: Center left side,Underground,,underground/uga04,UGA04
512,05_地下通路:中央右側,05_ Underground Access : Central Right,Underground,,underground/uga05,UGA05
513,06_地下通路:中央右側,06' Underground Path: Center Right,Underground,,underground/uga06,UGA06
514,07_地下通路:中央右側,07_ Underground Access : Central Right,Underground,,underground/uga07,UGA07
515,08_地下通路:中央右側,08' Underground Path: Center Right,Underground,,underground/uga08,UGA08
516,09_地下通路:中央右側,09_ Underground Access : Central Right,Underground,,underground/uga09,UGA09
517,10_地下通路:中央右側,10' Underground Path: From right,Underground,,underground/uga10,UGA10
518,11_地下通路:南西,11_ Underground Access : South West,Underground,,underground/ugb01,UGB01
519,12_地下通路:南西,12_ Underground Access : South West,Underground,,underground/ugb02,UGB02
520,13_地下通路:南西,13_ Underground Access : South West,Underground,,underground/ugb03,UGB03
521,14_地下通路:南西,14_ Underground Access : South-West,Underground,,underground/ugb04,UGB04
522,15_地下通路:南西,15_ Underground Access : South West,Underground,,underground/ugb05,UGB05
523,16_地下通路:南西,16' Underground Access: South West,Underground,,underground/ugb06,UGB06
524,17_地下通路:南西,17_ Underground Access : South West,Underground,,underground/ugb07,UGB07
525,18_地下通路:中央の小区域,18_ Underground Passage: Central Sub-Area,Underground,,underground/ugc01,UGC01
526,19_地下通路:北西,19_ Underground Route : North West,Underground,,underground/ugd01,UGD01
527,20_地下通路:北西,20' Underground Access: North West,Underground,,underground/ugd02,UGD02
528,21_地下通路:北西,21_ Underground Access : North West,Underground,,underground/ugd03,UGD03
529,22_地下通路:北西,22_ Underground Access : North West,Underground,,underground/ugd04,UGD04
530,23_地下通路:北西,23_ Underground Access : North West,Underground,,underground/ugd05,UGD05
531,24_地下通路:南東,24' Underground Access: South East,Underground,,underground/uge01,UGE01
532,25_地下通路:南東,25_ Underground Access : South East,Underground,,underground/uge02,UGE02
533,26_地下通路:南東,26_ Underground Access : South East,Underground,,underground/uge03,UGE03
534,27_地下通路:南東,27_ Underground Route : South East,Underground,,underground/uge04,UGE04
535,28_地下通路:南東,28- Underground Access: South East,Underground,,underground/uge05,UGE05
536,29_地下通路:北東,29' Underground Access: North East,Underground,,underground/ugf01,UGF01
537,30_地下通路:北東,30_ Underground Access : North East,Underground,,underground/ugf02,UGF02
538,31_地下通路:北東,31_ Underground Access : North East,Underground,,underground/ugf03,UGF03
539,32_地下通路:北東,32_ Underground Access : North East,Underground,,underground/ugf04,UGF04
540,33_地下通路:北東,33_ Underground Access : North East,Underground,,underground/ugf05,UGF05
541,34_地下通路:北東,34_ Underground Access : North East,Underground,,underground/ugf06,UGF06
542,35_地下通路:北東,35' Underground Access: North East,Underground,,underground/ugf07,UGF07
543,01_ランドマーク_中央左側_汎用,01_ Landmark _ Center Left _ Generic,Underground,,underground/ugspace01,UGSPACE01
544,02_ランドマーク_中央左側_草むら,02_ Landmark _ Center Left _ Grassy Grass,Underground,,underground/ugspace02,UGSPACE02
545,03_ランドマーク_中央左側_草むらと地底湖,03_ Landmark _ Central Left _ Grassy And Underground Lakes,Underground,,underground/ugspace03,UGSPACE03
546,04_ランドマーク_中央左側_汎用,04_ Landmark _ Center Left _ Generic,Underground,,underground/ugspace04,UGSPACE04
547,05_ランドマーク_中央左側_汎用,05_ Landmark _ Center Left _ Generic,Underground,,underground/ugspace05,UGSPACE05
548,06_ランドマーク_中央左側_沼地,06_ Landmark _ Center Left _ Swamp,Underground,,underground/ugspace06,UGSPACE06
549,07_ランドマーク_中央左側_草むら,07_ Landmark _ Center Left _ Grassy Grass,Underground,,underground/ugspace02,UGSPACE07
550,08_ランドマーク_中央左側_地底湖,08_ Landmark _ Central Left _ Underground Lake,Underground,,underground/ugspace08,UGSPACE08
551,09_ランドマーク_中央左側_汎用,09_ Landmark _ Center Left _ Generic,Underground,,underground/ugspace09,UGSPACE09
552,10_ランドマーク_中央左側_地底湖,10_ Landmark _ Central left _ Underground Lake,Underground,,underground/ugspace10,UGSPACE10
553,11_ランドマーク_中央左側_地底湖,11_ Landmark _ Central left _ Underground Lake,Underground,,underground/ugspace11,UGSPACE11
554,12_ランドマーク_中央左側_汎用,12_ Landmark _ Center Left _ Generic,Underground,,underground/ugspace12,UGSPACE12
555,13_ランドマーク_中央右側_汎用,13_ Landmark _ Center Right _ Generic,Underground,,underground/ugspace12,UGSPACE13
556,14_ランドマーク_中央右側_砂地,14_ Landmark _ Center Right _ Sandy Area,Underground,,underground/ugspace14,UGSPACE14
557,15_ランドマーク_中央右側_地底火山,15_ Landmark _ Central Right _ Underground Volcano,Underground,,underground/ugspace15,UGSPACE15
558,16_ランドマーク_中央右側_汎用,16_ Landmark _ Center Right _ Generic,Underground,,underground/ugspace16,UGSPACE16
559,17_ランドマーク_中央右側_砂地,17_ Landmark _ Center Right _ Sandy Area,Underground,,underground/ugspace17,UGSPACE17
560,18_ランドマーク_中央右側_地底火山,18_ Landmark _ Central Right _ Underground Volcano,Underground,,underground/ugspace18,UGSPACE18
561,19_ランドマーク_中央右側_水晶,19_ Landmark _ Center Right _ Crystal,Underground,,underground/ugspace19,UGSPACE19
562,20_ランドマーク_中央右側_砂地と地底火山,20_ Landmark _ Center Right _ Sandy Area and Underground Volcano,Underground,,underground/ugspace20,UGSPACE20
563,21_ランドマーク_中央右側_汎用,21_ Landmark _ Center Right _ Generic,Underground,,underground/ugspace04,UGSPACE21
564,22_ランドマーク_中央右側_汎用,22_ Landmark _ Center Right _ Generic,Underground,,underground/ugspace01,UGSPACE22
565,23_ランドマーク_中央右側_砂地,23_ Landmark _ Center Right _ Sandy Area,Underground,,underground/ugspace23,UGSPACE23
566,24_ランドマーク_中央右側_汎用,24_ Landmark _ Center Right _ Generic,Underground,,underground/ugspace24,UGSPACE24
567,25_ランドマーク_南西_草むら,25_ Landmark _ Southwest _ Grassy,Underground,,underground/ugspace25,UGSPACE25
568,26_ランドマーク_南西_草むらと地底湖,26_ Landmark _ Southwest _ Grassy and Underground Lakes,Underground,,underground/ugspace26,UGSPACE26
569,27_ランドマーク_南西_汎用,27_ Landmark _ Southwest _ Generic,Underground,,underground/ugspace09,UGSPACE27
570,28_ランドマーク_南西_草むら,28_ Landmark _ Southwest _ Grassy,Underground,,underground/ugspace28,UGSPACE28
571,29_ランドマーク_南西_地底湖,29_ Landmark _ Southwest _ Underground Lake,Underground,,underground/ugspace29,UGSPACE29
572,30_ランドマーク_南西_沼地,30_ Landmark _ Southwest _ Swamp,Underground,,underground/ugspace30,UGSPACE30
573,31_ランドマーク_南西_汎用,31_ Landmark _ Southwest _ Generic,Underground,,underground/ugspace31,UGSPACE31
574,32_ランドマーク_南西_汎用,32_ Landmark _ Southwest _ Generic,Underground,,underground/ugspace32,UGSPACE32
575,33_ランドマーク_南西_汎用,33_ Landmark _ Southwest _ Generic,Underground,,underground/ugspace31,UGSPACE33
576,34_ランドマーク_南西_沼地,34_ Landmark _ Southwest _ Swamp,Underground,,underground/ugspace06,UGSPACE34
577,35_ランドマーク_南西_草むらと地底湖,35_ Landmark _ Southwest _ Grassy grass and underground lake,Underground,,underground/ugspace35,UGSPACE35
578,36_ランドマーク_中央の小区域_氷の地底湖,36_ Landmarks _ Central Subsion _ Icy Underground Lake,Underground,,underground/ugspace36,UGSPACE36
579,37_ランドマーク_中央の小区域_水晶,37_ Landmark _ Central Subs ( 1),Underground,,underground/ugspace37,UGSPACE37
580,38_ランドマーク_北西_水晶,38_ Landmark _ Northwest _ Crystal,Underground,,underground/ugspace38,UGSPACE38
581,39_ランドマーク_北西_氷の地底湖,39_ Landmark _ Northwest _ Icy Underground Lake,Underground,,underground/ugspace39,UGSPACE39
582,40_ランドマーク_北西_氷の地底湖,40_ Landmark _ Northwest _ Icy Underground Lake,Underground,,underground/ugspace40,UGSPACE40
583,41_ランドマーク_北西_氷の地底湖,41_ Landmark _ Northwest _ Icy Underground Lake,Underground,,underground/ugspace36,UGSPACE41
584,42_ランドマーク_北西_汎用,42_ Landmark _ Northwest _ Generic,Underground,,underground/ugspace31,UGSPACE42
585,43_ランドマーク_北西_汎用,43_ Landmark _ Northwest _ Generic,Underground,,underground/ugspace01,UGSPACE43
586,44_ランドマーク_北西_雪の草むら,44_ Landmark _ Northwest _ Snow Grass,Underground,,underground/ugspace44,UGSPACE44
587,45_ランドマーク_北西_雪の草むら,45_ Landmark _ Northwest _ Snow Grass,Underground,,underground/ugspace45,UGSPACE45
588,46_ランドマーク_北西_雪の草むら,46_ Landmark _ Northwest _ Snowy Grass,Underground,,underground/ugspace46,UGSPACE46
589,47_ランドマーク_北西_雪の草むら,47_ Landmark _ Northwest _ Snow Grass,Underground,,underground/ugspace47,UGSPACE47
590,48_ランドマーク_南東_沼地,48_ Landmark _ Southeast _ Swamp,Underground,,underground/ugspace06,UGSPACE48
591,49_ランドマーク_南東_地底湖,49_ Landmark _ Southeast _ Underground Lake,Underground,,underground/ugspace49,UGSPACE49
592,50_ランドマーク_南東_汎用,50_ Landmark _ Southeast _ Generic,Underground,,underground/ugspace12,UGSPACE50
593,51_ランドマーク_南東_沼地,51_ Landmark _ Southeast _ Swamp,Underground,,underground/ugspace51,UGSPACE51
594,52_ランドマーク_南東_汎用,52_ Landmark _ Southeast _ Generic,Underground,,underground/ugspace24,UGSPACE52
595,53_ランドマーク_南東_地底湖,53_ Landmark _ Southeast _ Underground Lake,Underground,,underground/ugspace10,UGSPACE53
596,54_ランドマーク_南東_砂地,54_ Landmark _ Southeast _ Sandy Area,Underground,,underground/ugspace54,UGSPACE54
597,55_ランドマーク_南東_沼地,55_ Landmark _ Southeast _ Swamp,Underground,,underground/ugspace55,UGSPACE55
598,56_ランドマーク_南東_汎用,56_ Landmark _ Southeast _ Generic,Underground,,underground/ugspace32,UGSPACE56
599,57_ランドマーク_南東_砂地と地底火山,57_ Landmark _ Southeast _ Sandy areas and underground volcanoes,Underground,,underground/ugspace57,UGSPACE57
600,58_ランドマーク_北東_地底火山,58_ Landmark _ Northeast _ Underground Volcano,Underground,,underground/ugspace58,UGSPACE58
601,59_ランドマーク_北東_水晶,59_ Landmark _ Northeast _ Crystal,Underground,,underground/ugspace19,UGSPACE59
602,60_ランドマーク_北東_地底火山,60_ Landmark _ Northeast _ Underground Volcano,Underground,,underground/ugspace60,UGSPACE60
603,61_ランドマーク_北東_砂地,61_ Landmark _ Northeast _ Sandy Area,Underground,,underground/ugspace61,UGSPACE61
604,62_ランドマーク_北東_地底湖,62_ Landmark _ Northeast _ Underground Lake,Underground,,underground/ugspace10,UGSPACE62
605,63_ランドマーク_北東_草むら,63_ Landmark _ Northeast _ Kusori,Underground,,underground/ugspace28,UGSPACE63
606,64_ランドマーク_北東_汎用,64_ Landmark _ Northeast _ Generic,Underground,,underground/ugspace01,UGSPACE64
607,65_ランドマーク_北東_沼地,65_ Landmark _ Northeast _ Swamp,Underground,,underground/ugspace06,UGSPACE65
608,66_ランドマーク_北東_砂地,66_ Landmark _ Northeast _ Sandy Area,Underground,,underground/ugspace66,UGSPACE66
609,67_ランドマーク_北東_砂地と地底火山,67_ Landmark _ Northeast _ Sandy areas and underground volcanoes,Underground,,underground/ugspace67,UGSPACE67
610,68_ランドマーク_北東_地底火山,68_ Landmark _ Northeast _ Underground Volcano,Underground,,underground/ugspace58,UGSPACE68
611,01_Lランドマーク_中央左側_草むらと地底湖,01_L Landmark _ Central Left _ Grassy And Underground Lakes,Underground,,underground/ugspacel01,UGSPACEL01
612,02_Lランドマーク_中央右側_砂地,02_L Landmark _ Center Right _ Sandy Area,Underground,,underground/ugspacel02,UGSPACEL02
613,03_Lランドマーク_南西_草むら,03_L Landmark _ Southwest _ Grassy,Underground,,underground/ugspacel03,UGSPACEL03
614,04_Lランドマーク_中央の小区域_水晶,04_L Landmark _ Central Sub area _ Crystal,Underground,,underground/ugspacel04,UGSPACEL04
615,05_Lランドマーク_北西_雪の草むらと氷の地底湖,05_L Landmark _ Northwest _ Snowy Grass and Icy Underground Lakes,Underground,,underground/ugspacel05,UGSPACEL05
616,06_Lランドマーク_南東_沼地,06_L Landmark _ Southeast _ Swamp,Underground,,underground/ugspacel06,UGSPACEL06
617,07_Lランドマーク_北東_砂地と地底火山,07_L Landmark _ Northeast _ Sandy Areas and Underground Volcanoes,Underground,,underground/ugspacel07,UGSPACEL07
618,はじまりのま（パール）,Pearl,,Hall of Origin - Pearl,prefab_map/d05r0117,D05R0117
619,パルパーク:破れた部屋,Palpark : Torn Room,,Ramanas Park - d10r0901,prefab_map/d10r0901,D10R0901
620,ひみつきち,Himitsukichi,,Underground - Secret Base 1,underground/ugsecretbase01,UGSECRETBASE01
621,ひみつきち,Himitsukichi,,Underground - Secret Base 2,underground/ugsecretbase02,UGSECRETBASE02
622,ひみつきち,Himitsukichi,,Underground - Secret Base 3,underground/ugsecretbase03,UGSECRETBASE03
623,ひみつきち,Himitsukichi,,Underground - Secret Base 4,underground/ugsecretbase04,UGSECRETBASE04
624,パルパーク:破れた部屋:天地,Palpark : Torn Room: Heaven and Earth,Ramanas Park,Ramanas Park - d10r0902,prefab_map/d10r0902,D10R0902
625,海マップ,Sea Map,,Boat Cutscene,prefab_map/sea01,SEA01
626,コトブキ:TV局 奥クリップの間,Kotobuki: Tv station between the back clips,,Jubilife TV (?room behind guy in Clip Room),prefab_map/c01r0209,C01R0209
627,中央西のひみつきち1,Central West Secret 1,,,underground/ugaasecretbase01,UGAASECRETBASE01
628,中央西のひみつきち2,Central West Secret 2,,,underground/ugaasecretbase02,UGAASECRETBASE02
629,中央西のひみつきち3,Central West Secret 3,,,underground/ugaasecretbase03,UGAASECRETBASE03
630,中央東のひみつきち1,Central East Tsukichi 1,,,underground/ugabsecretbase01,UGABSECRETBASE01
631,中央東のひみつきち2,Chuo-East Himitsukichi 2,,,underground/ugabsecretbase02,UGABSECRETBASE02
632,中央東のひみつきち3,Central East Secret 3,,,underground/ugabsecretbase03,UGABSECRETBASE03
633,南西のひみつきち1,Southwest Secret 1,,,underground/ugbasecretbase01,UGBASECRETBASE01
634,南西のひみつきち2,Southwest Secret 2,,,underground/ugbasecretbase02,UGBASECRETBASE02
635,南西のひみつきち3,Southwest Secret 3,,,underground/ugbasecretbase03,UGBASECRETBASE03
636,中央のひみつきち1,Center Secret 1,,,underground/ugcasecretbase01,UGCASECRETBASE01
637,中央のひみつきち2,Center Secret 2,,,underground/ugcasecretbase02,UGCASECRETBASE02
638,中央のひみつきち3,Center Secret 3,,,underground/ugcasecretbase03,UGCASECRETBASE03
639,北西のひみつきち1,Northwest Secret 1,,,underground/ugdasecretbase01,UGDASECRETBASE01
640,北西のひみつきち2,Northwest Secret 2,,,underground/ugdasecretbase02,UGDASECRETBASE02
641,北西のひみつきち3,Northwest Secret 3,,,underground/ugdasecretbase03,UGDASECRETBASE03
642,南東のひみつきち1,Southeast Tsukitsukichi 1,,,underground/ugeasecretbase01,UGEASECRETBASE01
643,南東のひみつきち2,Southeast Tsukichi 2,,,underground/ugeasecretbase02,UGEASECRETBASE02
644,南東のひみつきち3,Southeast Tsukichi 3,,,underground/ugeasecretbase03,UGEASECRETBASE03
645,北東のひみつきち1,Northeast Secret 1,,,underground/ugfasecretbase01,UGFASECRETBASE01
646,北東のひみつきち2,Northeast Secret 2,,,underground/ugfasecretbase02,UGFASECRETBASE02
647,北東のひみつきち3,Northeast Secret 3,,,underground/ugfasecretbase03,UGFASECRETBASE03
648,パルパーク:導きの部屋消灯,Pal Park : Guide room turned off,,Ramanas Park - d10r0202b,prefab_map/d10r0202b,D10R0202B
649,パルパーク:カントーのへや消灯,Pal Park : Tho's hesing off,,Ramanas Park - d10r0301b,prefab_map/d10r0301b,D10R0301B
650,パルパーク:ジョウトのへや消灯,Pal Park : Jouto's hesitation goes off,,Ramanas Park - d10r0302b,prefab_map/d10r0302b,D10R0302B
651,パルパーク:心の部屋消灯,Pal Park : Heart Room Turned Off,,Ramanas Park - d10r0303b,prefab_map/d10r0303b,D10R0303B
652,パルパーク:大陸の部屋消灯,Palpark : The continental room is off.,,Ramanas Park - Groudon B,prefab_map/d10r0401b,D10R0401B
653,パルパーク:大海の部屋消灯,Pal Park : Ocean Room Turned Off,,Ramanas Park - Kyogre B,prefab_map/d10r0402b,D10R0402B
654,パルパーク:天空の部屋消灯,Pal Park : Empty room turned off,,Ramanas Park - Rayquaza B,prefab_map/d10r0403b,D10R0403B
655,パルパーク:虹の部屋消灯,Pal Park : Rainbow Room Turned Off,,Ramanas Park - d10r0501b,prefab_map/d10r0501b,D10R0501B
656,パルパーク:嵐の部屋消灯,PalPark : Storm Room Turned Off,,Ramanas Park - d10r0502b,prefab_map/d10r0502b,D10R0502B
657,パルパーク:遺伝子の部屋消灯,Palpark : Gene room turned off,,Ramanas Park - Mewtwo B,prefab_map/d10r0601b,D10R0601B